maturity;strike;local_vol;error
0.0904109589041095;225.0;0.9018985291707411;
0.0904109589041095;234.71428571428572;0.8185179566336517;
0.0904109589041095;244.42857142857142;0.7460796518645165;
0.0904109589041095;254.1428571428571;0.6826268089496755;
0.0904109589041095;263.85714285714283;0.626611595743267;
0.0904109589041095;273.57142857142856;0.5767983464396972;
0.0904109589041095;283.2857142857142;0.5321926091250031;
0.0904109589041095;292.99999999999994;0.4919887864198431;
0.0904109589041095;302.71428571428567;0.4555314669765938;
0.0904109589041095;312.4285714285714;0.42228713646368815;
0.0904109589041095;322.1428571428571;0.3918240853010302;
0.0904109589041095;331.8571428571428;0.36379915030922433;
0.0904109589041095;341.5714285714285;0.3379505261032067;
0.0904109589041095;351.2857142857142;0.31409626046289796;
0.0904109589041095;360.9999999999999;0.2921380927810685;
0.0904109589041095;370.7142857142856;0.27206970799783764;
0.0904109589041095;380.42857142857133;0.2539867331171839;
0.0904109589041095;390.14285714285705;0.23809229962487444;
0.0904109589041095;399.8571428571428;0.22468689979155532;
0.0904109589041095;409.57142857142844;0.21412752249641046;
0.0904109589041095;419.28571428571416;0.20674629965207358;
0.0904109589041095;428.9999999999999;0.2027412762966786;
0.0904109589041095;438.71428571428555;0.20208426603788826;
0.0904109589041095;448.4285714285713;0.2045006153134915;
0.0904109589041095;458.142857142857;0.20953770727253657;
0.0904109589041095;467.8571428571427;0.21668220025921497;
0.0904109589041095;477.57142857142844;0.22546599966498795;
0.0904109589041095;487.2857142857141;0.2355268169622482;
0.0904109589041095;496.99999999999983;0.2466240415306242;
0.0904109589041095;506.71428571428555;0.2586273353206796;
0.0904109589041095;516.4285714285712;0.2714948340295362;
0.0904109589041095;526.1428571428569;0.28525114350258296;
0.0904109589041095;535.8571428571427;0.2999694197461725;
0.0904109589041095;545.5714285714284;0.315758425700348;
0.0904109589041095;555.2857142857141;0.3327540002366799;
0.0904109589041095;564.9999999999998;0.35111396982003806;
0.0904109589041095;574.7142857142856;0.3710155791046984;
0.0904109589041095;584.4285714285712;0.39265470413966513;
0.0904109589041095;594.1428571428569;0.41624630982506605;
0.0904109589041095;603.8571428571427;0.44202577803302984;
0.0904109589041095;613.5714285714283;0.47025085716074827;
0.0904109589041095;623.285714285714;0.5012040732487532;
0.0904109589041095;632.9999999999998;0.535195505400578;
0.0904109589041095;642.7142857142854;0.572565871471332;
0.0904109589041095;652.4285714285711;0.6136898997373162;
0.0904109589041095;662.1428571428569;0.6589799826774603;
0.0904109589041095;671.8571428571425;0.7088901231150038;
0.0904109589041095;681.5714285714282;0.763920192767191;
0.0904109589041095;691.285714285714;0.8246205301904052;
0.0904109589041095;700.9999999999997;0.8915969100721773;
0.14794520547945195;225.0;0.5060888885241774;
0.14794520547945195;234.71428571428572;0.4997748311934545;
0.14794520547945195;244.42857142857142;0.49297972534314466;
0.14794520547945195;254.1428571428571;0.48567108097955;
0.14794520547945195;263.85714285714283;0.47781280223811556;
0.14794520547945195;273.57142857142856;0.46936579182869365;
0.14794520547945195;283.2857142857142;0.4602889721619941;
0.14794520547945195;292.99999999999994;0.45054094356550695;
0.14794520547945195;302.71428571428567;0.44008258774913234;
0.14794520547945195;312.4285714285714;0.42888103751863405;
0.14794520547945195;322.1428571428571;0.4169155651955087;
0.14794520547945195;331.8571428571428;0.40418606698952836;
0.14794520547945195;341.5714285714285;0.3907248732970253;
0.14794520547945195;351.2857142857142;0.37661244877562633;
0.14794520547945195;360.9999999999999;0.3619968922148249;
0.14794520547945195;370.7142857142856;0.3471155813080492;
0.14794520547945195;380.42857142857133;0.3323143620536779;
0.14794520547945195;390.14285714285705;0.3180552967324985;
0.14794520547945195;399.8571428571428;0.3048995601018976;
0.14794520547945195;409.57142857142844;0.29345175267269447;
0.14794520547945195;419.28571428571416;0.28426196651688423;
0.14794520547945195;428.9999999999999;0.277704913711169;
0.14794520547945195;438.71428571428555;0.2738804547190113;
0.14794520547945195;448.4285714285713;0.27258348122014225;
0.14794520547945195;458.142857142857;0.2733603323752629;
0.14794520547945195;467.8571428571427;0.27562366362919544;
0.14794520547945195;477.57142857142844;0.2787741637671267;
0.14794520547945195;487.2857142857141;0.28228879651460287;
0.14794520547945195;496.99999999999983;0.2857630432109122;
0.14794520547945195;506.71428571428555;0.2889159449413456;
0.14794520547945195;516.4285714285712;0.2915738573539831;
0.14794520547945195;526.1428571428569;0.29364637237579744;
0.14794520547945195;535.8571428571427;0.2951025160481713;
0.14794520547945195;545.5714285714284;0.2959508283321494;
0.14794520547945195;555.2857142857141;0.29622419868169836;
0.14794520547945195;564.9999999999998;0.2959690336396611;
0.14794520547945195;574.7142857142856;0.2952378924118593;
0.14794520547945195;584.4285714285712;0.2940847032903876;
0.14794520547945195;594.1428571428569;0.292561811359746;
0.14794520547945195;603.8571428571427;0.29071828055999416;
0.14794520547945195;613.5714285714283;0.2885990293752478;
0.14794520547945195;623.285714285714;0.286244503871897;
0.14794520547945195;632.9999999999998;0.2836906846835722;
0.14794520547945195;642.7142857142854;0.280969291173757;
0.14794520547945195;652.4285714285711;0.27810809260628466;
0.14794520547945195;662.1428571428569;0.27513126817828815;
0.14794520547945195;671.8571428571425;0.2720597794160981;
0.14794520547945195;681.5714285714282;0.268911732932434;
0.14794520547945195;691.285714285714;0.2657027210460366;
0.14794520547945195;700.9999999999997;0.26244613397092975;
0.20547945205479443;225.0;0.0;
0.20547945205479443;234.71428571428572;0.0;
0.20547945205479443;244.42857142857142;0.0;
0.20547945205479443;254.1428571428571;0.0;
0.20547945205479443;263.85714285714283;0.0;
0.20547945205479443;273.57142857142856;0.0;
0.20547945205479443;283.2857142857142;0.0;
0.20547945205479443;292.99999999999994;0.12269119690613497;
0.20547945205479443;302.71428571428567;0.17235119238854119;
0.20547945205479443;312.4285714285714;0.20664294326081656;
0.20547945205479443;322.1428571428571;0.23260436760256892;
0.20547945205479443;331.8571428571428;0.2529195801835614;
0.20547945205479443;341.5714285714285;0.2689522211818243;
0.20547945205479443;351.2857142857142;0.2814963314976755;
0.20547945205479443;360.9999999999999;0.29104977575074553;
0.20547945205479443;370.7142857142856;0.2979389320046644;
0.20547945205479443;380.42857142857133;0.30238733931433764;
0.20547945205479443;390.14285714285705;0.3045611986735013;
0.20547945205479443;399.8571428571428;0.3046031509720507;
0.20547945205479443;409.57142857142844;0.3026541953776861;
0.20547945205479443;419.28571428571416;0.29885727648794314;
0.20547945205479443;428.9999999999999;0.29333896261554704;
0.20547945205479443;438.71428571428555;0.2861794062043537;
0.20547945205479443;448.4285714285713;0.27739273799592795;
0.20547945205479443;458.142857142857;0.2669317254575946;
0.20547945205479443;467.8571428571427;0.25470631196429055;
0.20547945205479443;477.57142857142844;0.24059194474438036;
0.20547945205479443;487.2857142857141;0.22441051576634624;
0.20547945205479443;496.99999999999983;0.20587634915733752;
0.20547945205479443;506.71428571428555;0.18449034003659304;
0.20547945205479443;516.4285714285712;0.1593126963824783;
0.20547945205479443;526.1428571428569;0.12832930149091612;
0.20547945205479443;535.8571428571427;0.08566670345002277;
0.20547945205479443;545.5714285714284;0.0;
0.20547945205479443;555.2857142857141;0.0;
0.20547945205479443;564.9999999999998;0.0;
0.20547945205479443;574.7142857142856;0.0;
0.20547945205479443;584.4285714285712;0.0;
0.20547945205479443;594.1428571428569;0.0;
0.20547945205479443;603.8571428571427;0.0;
0.20547945205479443;613.5714285714283;0.0;
0.20547945205479443;623.285714285714;0.0;
0.20547945205479443;632.9999999999998;0.0;
0.20547945205479443;642.7142857142854;0.0;
0.20547945205479443;652.4285714285711;0.0;
0.20547945205479443;662.1428571428569;0.0;
0.20547945205479443;671.8571428571425;0.0;
0.20547945205479443;681.5714285714282;0.0;
0.20547945205479443;691.285714285714;0.0;
0.20547945205479443;700.9999999999997;0.0;
0.2630136986301369;225.0;0.7867382261619525;
0.2630136986301369;234.71428571428572;0.7534997163027393;
0.2630136986301369;244.42857142857142;0.7212654992549948;
0.2630136986301369;254.1428571428571;0.6900040984896259;
0.2630136986301369;263.85714285714283;0.6596992833693209;
0.2630136986301369;273.57142857142856;0.6303495644198639;
0.2630136986301369;283.2857142857142;0.6019680444710164;
0.2630136986301369;292.99999999999994;0.5745825574415159;
0.2630136986301369;302.71428571428567;0.5482360186851533;
0.2630136986301369;312.4285714285714;0.5229868878546583;
0.2630136986301369;322.1428571428571;0.49890960426968245;
0.2630136986301369;331.8571428571428;0.47609479370096125;
0.2630136986301369;341.5714285714285;0.45464896520412895;
0.2630136986301369;351.2857142857142;0.43469332634334573;
0.2630136986301369;360.9999999999999;0.4163612663377537;
0.2630136986301369;370.7142857142856;0.39979403106979805;
0.2630136986301369;380.42857142857133;0.38513420138167065;
0.2630136986301369;390.14285714285705;0.3725168526035874;
0.2630136986301369;399.8571428571428;0.362058755436606;
0.2630136986301369;409.57142857142844;0.3538466306526367;
0.2630136986301369;419.28571428571416;0.34792612266927636;
0.2630136986301369;428.9999999999999;0.3442935315775605;
0.2630136986301369;438.71428571428555;0.3428921667397183;
0.2630136986301369;448.4285714285713;0.34361436682641117;
0.2630136986301369;458.142857142857;0.3463089819932311;
0.2630136986301369;467.8571428571427;0.35079288559217836;
0.2630136986301369;477.57142857142844;0.3568643334109808;
0.2630136986301369;487.2857142857141;0.3643159349250534;
0.2630136986301369;496.99999999999983;0.37294553766903593;
0.2630136986301369;506.71428571428555;0.3825641403230314;
0.2630136986301369;516.4285714285712;0.39300072032600425;
0.2630136986301369;526.1428571428569;0.4041043928051009;
0.2630136986301369;535.8571428571427;0.415744566822982;
0.2630136986301369;545.5714285714284;0.4278097911211369;
0.2630136986301369;555.2857142857141;0.4402058774734421;
0.2630136986301369;564.9999999999998;0.4528537366132594;
0.2630136986301369;574.7142857142856;0.465687211901599;
0.2630136986301369;584.4285714285712;0.4786510743113867;
0.2630136986301369;594.1428571428569;0.4916992552911119;
0.2630136986301369;603.8571428571427;0.5047933379983244;
0.2630136986301369;613.5714285714283;0.5179012951808484;
0.2630136986301369;623.285714285714;0.530996446145987;
0.2630136986301369;632.9999999999998;0.5440565998242627;
0.2630136986301369;642.7142857142854;0.5570633513839944;
0.2630136986301369;652.4285714285711;0.5700015032391498;
0.2630136986301369;662.1428571428569;0.5828585858222666;
0.2630136986301369;671.8571428571425;0.5956244580370762;
0.2630136986301369;681.5714285714282;0.6082909714870093;
0.2630136986301369;691.285714285714;0.6208516860002681;
0.2630136986301369;700.9999999999997;0.6333016268325292;
0.32054794520547936;225.0;0.6688727207511417;
0.32054794520547936;234.71428571428572;0.6440551382021755;
0.32054794520547936;244.42857142857142;0.6196370993682602;
0.32054794520547936;254.1428571428571;0.5956258752072584;
0.32054794520547936;263.85714285714283;0.5720383190195836;
0.32054794520547936;273.57142857142856;0.5489015058868336;
0.32054794520547936;283.2857142857142;0.5262535070520673;
0.32054794520547936;292.99999999999994;0.5041442506141132;
0.32054794520547936;302.71428571428567;0.48263639953986837;
0.32054794520547936;312.4285714285714;0.46180614805549036;
0.32054794520547936;322.1428571428571;0.44174379885063575;
0.32054794520547936;331.8571428571428;0.4225539372356206;
0.32054794520547936;341.5714285714285;0.40435496868150156;
0.32054794520547936;351.2857142857142;0.3872777424918288;
0.32054794520547936;360.9999999999999;0.3714629627062865;
0.32054794520547936;370.7142857142856;0.3570571113065996;
0.32054794520547936;380.42857142857133;0.3442067070472559;
0.32054794520547936;390.14285714285705;0.33305092185775975;
0.32054794520547936;399.8571428571428;0.3237128828336363;
0.32054794520547936;409.57142857142844;0.316290369421852;
0.32054794520547936;419.28571428571416;0.310846985137093;
0.32054794520547936;428.9999999999999;0.3074051065130573;
0.32054794520547936;438.71428571428555;0.30594185270876667;
0.32054794520547936;448.4285714285713;0.30638891405575946;
0.32054794520547936;458.142857142857;0.308636397945864;
0.32054794520547936;467.8571428571427;0.31254009604511723;
0.32054794520547936;477.57142857142844;0.3179309908855742;
0.32054794520547936;487.2857142857141;0.3246255709339905;
0.32054794520547936;496.99999999999983;0.332435634198573;
0.32054794520547936;506.71428571428555;0.34117662428787415;
0.32054794520547936;516.4285714285712;0.35067399809789257;
0.32054794520547936;526.1428571428569;0.36076753308706555;
0.32054794520547936;535.8571428571427;0.37131376960266393;
0.32054794520547936;545.5714285714284;0.38218693695413564;
0.32054794520547936;555.2857142857141;0.3932787560271046;
0.32054794520547936;564.9999999999998;0.4044974846448471;
0.32054794520547936;574.7142857142856;0.41576650986639146;
0.32054794520547936;584.4285714285712;0.42702271911885614;
0.32054794520547936;594.1428571428569;0.43821481439005033;
0.32054794520547936;603.8571428571427;0.44930167738808113;
0.32054794520547936;613.5714285714283;0.4602508503173673;
0.32054794520547936;623.285714285714;0.471037165744814;
0.32054794520547936;632.9999999999998;0.48164153779032765;
0.32054794520547936;642.7142857142854;0.49204991325198677;
0.32054794520547936;652.4285714285711;0.5022523731774738;
0.32054794520547936;662.1428571428569;0.5122423711222948;
0.32054794520547936;671.8571428571425;0.5220160926037016;
0.32054794520547936;681.5714285714282;0.5315719200561002;
0.32054794520547936;691.285714285714;0.5409099884682501;
0.32054794520547936;700.9999999999997;0.5500318180916224;
0.3780821917808218;225.0;0.4424220842779215;
0.3780821917808218;234.71428571428572;0.4360547330439996;
0.3780821917808218;244.42857142857142;0.4283058363652933;
0.3780821917808218;254.1428571428571;0.4196245707346683;
0.3780821917808218;263.85714285714283;0.41032076334022677;
0.3780821917808218;273.57142857142856;0.40061480571238145;
0.3780821917808218;283.2857142857142;0.3906691475379816;
0.3780821917808218;292.99999999999994;0.38060884112926263;
0.3780821917808218;302.71428571428567;0.37053535197829224;
0.3780821917808218;312.4285714285714;0.36053608810557725;
0.3780821917808218;322.1428571428571;0.3506910957869456;
0.3780821917808218;331.8571428571428;0.3410777659983495;
0.3780821917808218;341.5714285714285;0.3317740158005748;
0.3780821917808218;351.2857142857142;0.3228601607425356;
0.3780821917808218;360.9999999999999;0.3144195346819547;
0.3780821917808218;370.7142857142856;0.30653782847637523;
0.3780821917808218;380.42857142857133;0.2993011103914469;
0.3780821917808218;390.14285714285705;0.2927925677101448;
0.3780821917808218;399.8571428571428;0.28708817143590093;
0.3780821917808218;409.57142857142844;0.2822516920355379;
0.3780821917808218;419.28571428571416;0.2783297266603116;
0.3780821917808218;428.9999999999999;0.2753475487504535;
0.3780821917808218;438.71428571428555;0.2733065678774167;
0.3780821917808218;448.4285714285713;0.27218394567398857;
0.3780821917808218;458.142857142857;0.27193449528528457;
0.3780821917808218;467.8571428571427;0.27249452595794105;
0.3780821917808218;477.57142857142844;0.2737869384860539;
0.3780821917808218;487.2857142857141;0.27572673702780714;
0.3780821917808218;496.99999999999983;0.2782262058716588;
0.3780821917808218;506.71428571428555;0.281199230328593;
0.3780821917808218;516.4285714285712;0.2845645141514383;
0.3780821917808218;526.1428571428569;0.28824767875251234;
0.3780821917808218;535.8571428571427;0.29218238270148694;
0.3780821917808218;545.5714285714284;0.296310672417484;
0.3780821917808218;555.2857142857141;0.3005827863273218;
0.3780821917808218;564.9999999999998;0.3049566098176559;
0.3780821917808218;574.7142857142856;0.30939693767362925;
0.3780821917808218;584.4285714285712;0.3138746580288603;
0.3780821917808218;594.1428571428569;0.3183659343841365;
0.3780821917808218;603.8571428571427;0.32285143271106315;
0.3780821917808218;613.5714285714283;0.32731561909922635;
0.3780821917808218;623.285714285714;0.3317461386614138;
0.3780821917808218;632.9999999999998;0.3361332770634761;
0.3780821917808218;642.7142857142854;0.34046950046035435;
0.3780821917808218;652.4285714285711;0.3447490667032295;
0.3780821917808218;662.1428571428569;0.3489676995261494;
0.3780821917808218;671.8571428571425;0.3531223172105288;
0.3780821917808218;681.5714285714282;0.3572108077307486;
0.3780821917808218;691.285714285714;0.361231843101918;
0.3780821917808218;700.9999999999997;0.36518472655252426;
0.4356164383561643;225.0;0.4053247243045867;
0.4356164383561643;234.71428571428572;0.4062457221718093;
0.4356164383561643;244.42857142857142;0.4052556944477681;
0.4356164383561643;254.1428571428571;0.4028578783977014;
0.4356164383561643;263.85714285714283;0.3993941445725313;
0.4356164383561643;273.57142857142856;0.3951032185311436;
0.4356164383561643;283.2857142857142;0.39015665552515993;
0.4356164383561643;292.99999999999994;0.3846819080917717;
0.4356164383561643;302.71428571428567;0.37877760265483046;
0.4356164383561643;312.4285714285714;0.3725239462302053;
0.4356164383561643;322.1428571428571;0.3659899763580803;
0.4356164383561643;331.8571428571428;0.3592386667718297;
0.4356164383561643;341.5714285714285;0.3523304741493784;
0.4356164383561643;351.2857142857142;0.34532563931277166;
0.4356164383561643;360.9999999999999;0.33828538062960917;
0.4356164383561643;370.7142857142856;0.3312720138207759;
0.4356164383561643;380.42857142857133;0.3243479967729168;
0.4356164383561643;390.14285714285705;0.3175739361127037;
0.4356164383561643;399.8571428571428;0.3110057066469848;
0.4356164383561643;409.57142857142844;0.30469100845029135;
0.4356164383561643;419.28571428571416;0.2986658707513755;
0.4356164383561643;428.9999999999999;0.292951729870865;
0.4356164383561643;438.71428571428555;0.2875536825089264;
0.4356164383561643;448.4285714285713;0.28246031255423565;
0.4356164383561643;458.142857142857;0.2776451535264015;
0.4356164383561643;467.8571428571427;0.2730694921304736;
0.4356164383561643;477.57142857142844;0.26868596623674323;
0.4356164383561643;487.2857142857141;0.2644423358601361;
0.4356164383561643;496.99999999999983;0.26028489944221833;
0.4356164383561643;506.71428571428555;0.2561612197305897;
0.4356164383561643;516.4285714285712;0.2520220295762701;
0.4356164383561643;526.1428571428569;0.24782234876030174;
0.4356164383561643;535.8571428571427;0.2435219368043908;
0.4356164383561643;545.5714285714284;0.2390852404776501;
0.4356164383561643;555.2857142857141;0.23448098802911072;
0.4356164383561643;564.9999999999998;0.22968155470946308;
0.4356164383561643;574.7142857142856;0.2246621900515865;
0.4356164383561643;584.4285714285712;0.21940016438503232;
0.4356164383561643;594.1428571428569;0.21387386309968423;
0.4356164383561643;603.8571428571427;0.2080618321049784;
0.4356164383561643;613.5714285714283;0.20194175492117303;
0.4356164383561643;623.285714285714;0.19548931775758394;
0.4356164383561643;632.9999999999998;0.1886768892910432;
0.4356164383561643;642.7142857142854;0.18147189952984621;
0.4356164383561643;652.4285714285711;0.17383473499441063;
0.4356164383561643;662.1428571428569;0.16571585271624792;
0.4356164383561643;671.8571428571425;0.1570516073297977;
0.4356164383561643;681.5714285714282;0.14775788445031285;
0.4356164383561643;691.285714285714;0.1377198067599077;
0.4356164383561643;700.9999999999997;0.1267739282500862;
0.49315068493150677;225.0;0.5300851346066507;
0.49315068493150677;234.71428571428572;0.5175953514804856;
0.49315068493150677;244.42857142857142;0.5045597258453537;
0.49315068493150677;254.1428571428571;0.49123848818800003;
0.49315068493150677;263.85714285714283;0.4778188074006072;
0.49315068493150677;273.57142857142856;0.46443985622811396;
0.49315068493150677;283.2857142857142;0.45120914577526;
0.49315068493150677;292.99999999999994;0.4382133746813242;
0.49315068493150677;302.71428571428567;0.4255257283113469;
0.49315068493150677;312.4285714285714;0.41321080666170484;
0.49315068493150677;322.1428571428571;0.4013279087253938;
0.49315068493150677;331.8571428571428;0.3899331262224231;
0.49315068493150677;341.5714285714285;0.379080529819497;
0.49315068493150677;351.2857142857142;0.36882262792401815;
0.49315068493150677;360.9999999999999;0.3592102193171744;
0.49315068493150677;370.7142857142856;0.35029173430262545;
0.49315068493150677;380.42857142857133;0.3421121561450815;
0.49315068493150677;390.14285714285705;0.33471162904934526;
0.49315068493150677;399.8571428571428;0.3281238835169405;
0.49315068493150677;409.57142857142844;0.3223746359231289;
0.49315068493150677;419.28571428571416;0.31748013690437615;
0.49315068493150677;428.9999999999999;0.3134460430819916;
0.49315068493150677;438.71428571428555;0.3102667625209468;
0.49315068493150677;448.4285714285713;0.307925375300632;
0.49315068493150677;458.142857142857;0.3063941627678983;
0.49315068493150677;467.8571428571427;0.30563570443969806;
0.49315068493150677;477.57142857142844;0.3056044347150328;
0.49315068493150677;487.2857142857141;0.3062485051710267;
0.49315068493150677;496.99999999999983;0.3075117793816145;
0.49315068493150677;506.71428571428555;0.30933579580400355;
0.49315068493150677;516.4285714285712;0.3116615641589906;
0.49315068493150677;526.1428571428569;0.314431102435909;
0.49315068493150677;535.8571428571427;0.31758866555382687;
0.49315068493150677;545.5714285714284;0.321081655402878;
0.49315068493150677;555.2857142857141;0.3248612313051635;
0.49315068493150677;564.9999999999998;0.3288826586430869;
0.49315068493150677;574.7142857142856;0.33310544256075486;
0.49315068493150677;584.4285714285712;0.33749329535455325;
0.49315068493150677;594.1428571428569;0.3420139829199958;
0.49315068493150677;603.8571428571427;0.3466390895122051;
0.49315068493150677;613.5714285714283;0.35134373291373766;
0.49315068493150677;623.285714285714;0.3561062549325721;
0.49315068493150677;632.9999999999998;0.36090790566146147;
0.49315068493150677;642.7142857142854;0.3657325344748319;
0.49315068493150677;652.4285714285711;0.3705662963265866;
0.49315068493150677;662.1428571428569;0.37539737854624766;
0.49315068493150677;671.8571428571425;0.38021575080753706;
0.49315068493150677;681.5714285714282;0.38501293919648766;
0.49315068493150677;691.285714285714;0.3897818240486852;
0.49315068493150677;700.9999999999997;0.39451646048225436;
0.5506849315068492;225.0;0.52878219186581;
0.5506849315068492;234.71428571428572;0.515789169145867;
0.5506849315068492;244.42857142857142;0.5024366523599072;
0.5506849315068492;254.1428571428571;0.48892628762440016;
0.5506849315068492;263.85714285714283;0.4754069251973442;
0.5506849315068492;273.57142857142856;0.46199230920076334;
0.5506849315068492;283.2857142857142;0.44877283579617433;
0.5506849315068492;292.99999999999994;0.4358234900552152;
0.5506849315068492;302.71428571428567;0.4232092471841528;
0.5506849315068492;312.4285714285714;0.4109887351051749;
0.5506849315068492;322.1428571428571;0.3992166572819324;
0.5506849315068492;331.8571428571428;0.3879452905012189;
0.5506849315068492;341.5714285714285;0.3772252575827088;
0.5506849315068492;351.2857142857142;0.36710570629360634;
0.5506849315068492;360.9999999999999;0.3576339884610548;
0.5506849315068492;370.7142857142856;0.3488549194247461;
0.5506849315068492;380.42857142857133;0.3408097013283478;
0.5506849315068492;390.14285714285705;0.33353460906767046;
0.5506849315068492;399.8571428571428;0.32705955877458964;
0.5506849315068492;409.57142857142844;0.3214066983272216;
0.5506849315068492;419.28571428571416;0.31658916985364105;
0.5506849315068492;428.9999999999999;0.31261018872434454;
0.5506849315068492;438.71428571428555;0.3094625581947637;
0.5506849315068492;448.4285714285713;0.30712869447552327;
0.5506849315068492;458.142857142857;0.3055811793457832;
0.5506849315068492;467.8571428571427;0.30478379648077686;
0.5506849315068492;477.57142857142844;0.3046929546096087;
0.5506849315068492;487.2857142857141;0.30525936487073585;
0.5506849315068492;496.99999999999983;0.3064298261195518;
0.5506849315068492;506.71428571428555;0.3081489800178483;
0.5506849315068492;516.4285714285712;0.31036092250946107;
0.5506849315068492;526.1428571428569;0.3130105924208911;
0.5506849315068492;535.8571428571427;0.31604489395265867;
0.5506849315068492;545.5714285714284;0.3194135419795917;
0.5506849315068492;555.2857142857141;0.32306964388839365;
0.5506849315068492;564.9999999999998;0.32697004811134034;
0.5506849315068492;574.7142857142856;0.3310754981127798;
0.5506849315068492;584.4285714285712;0.335350632953626;
0.5506849315068492;594.1428571428569;0.3397638736360738;
0.5506849315068492;603.8571428571427;0.3442872297958878;
0.5506849315068492;613.5714285714283;0.34889605561614007;
0.5506849315068492;623.285714285714;0.3535687778637479;
0.5506849315068492;632.9999999999998;0.35828661340022944;
0.5506849315068492;642.7142857142854;0.36303328873912194;
0.5506849315068492;652.4285714285711;0.36779477027312846;
0.5506849315068492;662.1428571428569;0.37255901067667857;
0.5506849315068492;671.8571428571425;0.3773157146433087;
0.5506849315068492;681.5714285714282;0.38205612537528566;
0.5506849315068492;691.285714285714;0.38677283205503893;
0.5506849315068492;700.9999999999997;0.39145959767479327;
0.6082191780821917;225.0;0.4580562072419762;
0.6082191780821917;234.71428571428572;0.44717479956219475;
0.6082191780821917;244.42857142857142;0.43586185690156015;
0.6082191780821917;254.1428571428571;0.4243169987982278;
0.6082191780821917;263.85714285714283;0.412688807863925;
0.6082191780821917;273.57142857142856;0.40109140106042945;
0.6082191780821917;283.2857142857142;0.3896155268117344;
0.6082191780821917;292.99999999999994;0.37833611320767413;
0.6082191780821917;302.71428571428567;0.3673174465949866;
0.6082191780821917;312.4285714285714;0.35661671713568116;
0.6082191780821917;322.1428571428571;0.3462863973030764;
0.6082191780821917;331.8571428571428;0.3363757513879125;
0.6082191780821917;341.5714285714285;0.32693166956746833;
0.6082191780821917;351.2857142857142;0.3179989565858206;
0.6082191780821917;360.9999999999999;0.30962017010587883;
0.6082191780821917;370.7142857142856;0.3018350890944906;
0.6082191780821917;380.42857142857133;0.2946798926573898;
0.6082191780821917;390.14285714285705;0.28818613954127287;
0.6082191780821917;399.8571428571428;0.2823796527775821;
0.6082191780821917;409.57142857142844;0.27727942666038463;
0.6082191780821917;419.28571428571416;0.2728966785226764;
0.6082191780821917;428.9999999999999;0.2692341604901379;
0.6082191780821917;438.71428571428555;0.266285824051558;
0.6082191780821917;448.4285714285713;0.2640368938001608;
0.6082191780821917;458.142857142857;0.2624643609338692;
0.6082191780821917;467.8571428571427;0.2615378595878326;
0.6082191780821917;477.57142857142844;0.26122084830169506;
0.6082191780821917;487.2857142857141;0.26147199165358;
0.6082191780821917;496.99999999999983;0.26224662686178346;
0.6082191780821917;506.71428571428555;0.2634982064337212;
0.6082191780821917;516.4285714285712;0.2651796269963908;
0.6082191780821917;526.1428571428569;0.26724438076535917;
0.6082191780821917;535.8571428571427;0.26964749406904287;
0.6082191780821917;545.5714285714284;0.27234624257843554;
0.6082191780821917;555.2857142857141;0.275300652636497;
0.6082191780821917;564.9999999999998;0.27847381146856043;
0.6082191780821917;574.7142857142856;0.2818320163761519;
0.6082191780821917;584.4285714285712;0.28534479541155555;
0.6082191780821917;594.1428571428569;0.2889848309349013;
0.6082191780821917;603.8571428571427;0.2927278141341383;
0.6082191780821917;613.5714285714283;0.29655225424042536;
0.6082191780821917;623.285714285714;0.30043926152613437;
0.6082191780821917;632.9999999999998;0.30437231875566556;
0.6082191780821917;642.7142857142854;0.30833705190885013;
0.6082191780821917;652.4285714285711;0.31232100774754507;
0.6082191780821917;662.1428571428569;0.31631344319232524;
0.6082191780821917;671.8571428571425;0.32030512954291235;
0.6082191780821917;681.5714285714282;0.3242881730092832;
0.6082191780821917;691.285714285714;0.328255852048278;
0.6082191780821917;700.9999999999997;0.3322024712106126;
0.6657534246575341;225.0;0.39623323982974995;
0.6657534246575341;234.71428571428572;0.3902955509106428;
0.6657534246575341;244.42857142857142;0.38367198884473874;
0.6657534246575341;254.1428571428571;0.3765885953655789;
0.6657534246575341;263.85714285714283;0.3692123897621113;
0.6657534246575341;273.57142857142856;0.3616701565774683;
0.6657534246575341;283.2857142857142;0.3540610058980351;
0.6657534246575341;292.99999999999994;0.34646494099346065;
0.6657534246575341;302.71428571428567;0.33894878792158684;
0.6657534246575341;312.4285714285714;0.3315703278370773;
0.6657534246575341;322.1428571428571;0.3243811623553603;
0.6657534246575341;331.8571428571428;0.3174286507082102;
0.6657534246575341;341.5714285714285;0.3107571373820186;
0.6657534246575341;351.2857142857142;0.3044086144572935;
0.6657534246575341;360.9999999999999;0.29842291927838627;
0.6657534246575341;370.7142857142856;0.2928375461532789;
0.6657534246575341;380.42857142857133;0.28768714499778264;
0.6657534246575341;390.14285714285705;0.2830027851297391;
0.6657534246575341;399.8571428571428;0.2788110741413537;
0.6657534246575341;409.57142857142844;0.2751332344211866;
0.6657534246575341;419.28571428571416;0.27198424776786334;
0.6657534246575341;428.9999999999999;0.26937217650903345;
0.6657534246575341;438.71428571428555;0.2672977541753266;
0.6657534246575341;448.4285714285713;0.2657543100344266;
0.6657534246575341;458.142857142857;0.2647280528293737;
0.6657534246575341;467.8571428571427;0.2641986963814219;
0.6657534246575341;477.57142857142844;0.26414037084138126;
0.6657534246575341;487.2857142857141;0.26452273516031993;
0.6657534246575341;496.99999999999983;0.2653121927560795;
0.6657534246575341;506.71428571428555;0.26647311390965417;
0.6657534246575341;516.4285714285712;0.2679689823287932;
0.6657534246575341;526.1428571428569;0.2697634049482627;
0.6657534246575341;535.8571428571427;0.2718209482936418;
0.6657534246575341;545.5714285714284;0.2741077873651687;
0.6657534246575341;555.2857142857141;0.2765921713263776;
0.6657534246575341;564.9999999999998;0.27924472308120013;
0.6657534246575341;574.7142857142856;0.2820385972437996;
0.6657534246575341;584.4285714285712;0.28494952393482337;
0.6657534246575341;594.1428571428569;0.28795576538305895;
0.6657534246575341;603.8571428571427;0.29103800985461636;
0.6657534246575341;613.5714285714283;0.2941792237665417;
0.6657534246575341;623.285714285714;0.29736447890491535;
0.6657534246575341;632.9999999999998;0.3005807678340343;
0.6657534246575341;642.7142857142854;0.30381681718054354;
0.6657534246575341;652.4285714285711;0.30706290561835137;
0.6657534246575341;662.1428571428569;0.31031069108406695;
0.6657534246575341;671.8571428571425;0.3135530499659964;
0.6657534246575341;681.5714285714282;0.3167839297104058;
0.6657534246575341;691.285714285714;0.31999821532579065;
0.6657534246575341;700.9999999999997;0.32319160959935817;
0.7232876712328766;225.0;0.40984641182005227;
0.7232876712328766;234.71428571428572;0.4073621353246718;
0.7232876712328766;244.42857142857142;0.4039352485379656;
0.7232876712328766;254.1428571428571;0.3997991201477703;
0.7232876712328766;263.85714285714283;0.39512694934911013;
0.7232876712328766;273.57142857142856;0.3900510916935441;
0.7232876712328766;283.2857142857142;0.3846760116377531;
0.7232876712328766;292.99999999999994;0.37908715527925574;
0.7232876712328766;302.71428571428567;0.3733571232560356;
0.7232876712328766;312.4285714285714;0.36754999320666715;
0.7232876712328766;322.1428571428571;0.36172432239980823;
0.7232876712328766;331.8571428571428;0.35593516547175036;
0.7232876712328766;341.5714285714285;0.35023532124658785;
0.7232876712328766;351.2857142857142;0.3446759496919589;
0.7232876712328766;360.9999999999999;0.3393066600961677;
0.7232876712328766;370.7142857142856;0.33417515488772553;
0.7232876712328766;380.42857142857133;0.32932651377152483;
0.7232876712328766;390.14285714285705;0.3248022139997588;
0.7232876712328766;399.8571428571428;0.3206389984566692;
0.7232876712328766;409.57142857142844;0.3168677174430235;
0.7232876712328766;419.28571428571416;0.3135122760907197;
0.7232876712328766;428.9999999999999;0.31058881226708834;
0.7232876712328766;438.71428571428555;0.30810520726500445;
0.7232876712328766;448.4285714285713;0.3060609948124435;
0.7232876712328766;458.142857142857;0.30444768782823206;
0.7232876712328766;467.8571428571427;0.303249494419361;
0.7232876712328766;477.57142857142844;0.30244435294074323;
0.7232876712328766;487.2857142857141;0.3020051870942666;
0.7232876712328766;496.99999999999983;0.30190126953029156;
0.7232876712328766;506.71428571428555;0.30209958602283044;
0.7232876712328766;516.4285714285712;0.30256610881494034;
0.7232876712328766;526.1428571428569;0.30326691210751844;
0.7232876712328766;535.8571428571427;0.3041690896265913;
0.7232876712328766;545.5714285714284;0.3052414593087811;
0.7232876712328766;555.2857142857141;0.3064550605496728;
0.7232876712328766;564.9999999999998;0.3077834638454425;
0.7232876712328766;574.7142857142856;0.3092029211354499;
0.7232876712328766;584.4285714285712;0.3106923885045339;
0.7232876712328766;594.1428571428569;0.3122334525366937;
0.7232876712328766;603.8571428571427;0.3138101887084112;
0.7232876712328766;613.5714285714283;0.3154089760399309;
0.7232876712328766;623.285714285714;0.3170182875213851;
0.7232876712328766;632.9999999999998;0.3186284713342108;
0.7232876712328766;642.7142857142854;0.32023153380543246;
0.7232876712328766;652.4285714285711;0.3218209316238018;
0.7232876712328766;662.1428571428569;0.32339137812684027;
0.7232876712328766;671.8571428571425;0.3249386663160566;
0.7232876712328766;681.5714285714282;0.32645950976866944;
0.7232876712328766;691.285714285714;0.32795140148120333;
0.7232876712328766;700.9999999999997;0.3294124899524188;
0.7808219178082192;225.0;0.4144662267890148;
0.7808219178082192;234.71428571428572;0.4152953608036232;
0.7808219178082192;244.42857142857142;0.4149811335556128;
0.7808219178082192;254.1428571428571;0.41377190716516016;
0.7808219178082192;263.85714285714283;0.41185192345091504;
0.7808219178082192;273.57142857142856;0.40936167311294486;
0.7808219178082192;283.2857142857142;0.4064114308431335;
0.7808219178082192;292.99999999999994;0.4030904694662129;
0.7808219178082192;302.71428571428567;0.39947345456099187;
0.7808219178082192;312.4285714285714;0.39562494108776397;
0.7808219178082192;322.1428571428571;0.39160254839284253;
0.7808219178082192;331.8571428571428;0.3874591778454719;
0.7808219178082192;341.5714285714285;0.3832445045015187;
0.7808219178082192;351.2857142857142;0.37900589073190255;
0.7808219178082192;360.9999999999999;0.3747888194334825;
0.7808219178082192;370.7142857142856;0.37063691783158936;
0.7808219178082192;380.42857142857133;0.36659163463769473;
0.7808219178082192;390.14285714285705;0.3626916384776283;
0.7808219178082192;399.8571428571428;0.3589720198187697;
0.7808219178082192;409.57142857142844;0.3554633958448748;
0.7808219178082192;419.28571428571416;0.35219103144838765;
0.7808219178082192;428.9999999999999;0.34917409299240826;
0.7808219178082192;438.71428571428555;0.3464251401222815;
0.7808219178082192;448.4285714285713;0.34394993343189606;
0.7808219178082192;458.142857142857;0.341747595445722;
0.7808219178082192;467.8571428571427;0.3398111161482351;
0.7808219178082192;477.57142857142844;0.3381281510901083;
0.7808219178082192;487.2857142857141;0.33668202799440095;
0.7808219178082192;496.99999999999983;0.3354528618073999;
0.7808219178082192;506.71428571428555;0.3344186790518772;
0.7808219178082192;516.4285714285712;0.3335564671393917;
0.7808219178082192;526.1428571428569;0.3328430876562285;
0.7808219178082192;535.8571428571427;0.332256018669286;
0.7808219178082192;545.5714285714284;0.3317739150558326;
0.7808219178082192;555.2857142857141;0.3313769946686094;
0.7808219178082192;564.9999999999998;0.3310472706743525;
0.7808219178082192;574.7142857142856;0.3307686569630319;
0.7808219178082192;584.4285714285712;0.33052697525839886;
0.7808219178082192;594.1428571428569;0.330309890952682;
0.7808219178082192;603.8571428571427;0.330106801154401;
0.7808219178082192;613.5714285714283;0.32990869407455387;
0.7808219178082192;623.285714285714;0.3297079944456558;
0.7808219178082192;632.9999999999998;0.3294984057085877;
0.7808219178082192;642.7142857142854;0.3292747563434877;
0.7808219178082192;652.4285714285711;0.32903285503197566;
0.7808219178082192;662.1428571428569;0.32876935738633756;
0.7808219178082192;671.8571428571425;0.32848164549728526;
0.7808219178082192;681.5714285714282;0.32816772055997556;
0.7808219178082192;691.285714285714;0.32782610818922514;
0.7808219178082192;700.9999999999997;0.32745577565780215;
0.8383561643835615;225.0;0.404341114246573;
0.8383561643835615;234.71428571428572;0.4053641248749668;
0.8383561643835615;244.42857142857142;0.40533747837390743;
0.8383561643835615;254.1428571428571;0.40449877082493363;
0.8383561643835615;263.85714285714283;0.403023978977215;
0.8383561643835615;273.57142857142856;0.40104662898824717;
0.8383561643835615;283.2857142857142;0.3986704986848327;
0.8383561643835615;292.99999999999994;0.3959782304191609;
0.8383561643835615;302.71428571428567;0.393037282360543;
0.8383561643835615;312.4285714285714;0.3899041021728172;
0.8383561643835615;322.1428571428571;0.38662708352931036;
0.8383561643835615;331.8571428571428;0.38324866730456075;
0.8383561643835615;341.5714285714285;0.3798068241498459;
0.8383561643835615;351.2857142857142;0.37633607449422235;
0.8383561643835615;360.9999999999999;0.37286815003832463;
0.8383561643835615;370.7142857142856;0.36943236809782115;
0.8383561643835615;380.42857142857133;0.3660557716777402;
0.8383561643835615;390.14285714285705;0.36276308026712917;
0.8383561643835615;399.8571428571428;0.35957649672679476;
0.8383561643835615;409.57142857142844;0.35651542075828196;
0.8383561643835615;419.28571428571416;0.3535961260736144;
0.8383561643835615;428.9999999999999;0.350831462080781;
0.8383561643835615;438.71428571428555;0.3482306383298218;
0.8383561643835615;448.4285714285713;0.34579913900664544;
0.8383561643835615;458.142857142857;0.3435387960226155;
0.8383561643835615;467.8571428571427;0.34144802575778627;
0.8383561643835615;477.57142857142844;0.3395222110373223;
0.8383561643835615;487.2857142857141;0.3377541912679501;
0.8383561643835615;496.99999999999983;0.33613481323225836;
0.8383561643835615;506.71428571428555;0.33465349373819864;
0.8383561643835615;516.4285714285712;0.3332987518141656;
0.8383561643835615;526.1428571428569;0.33205867956368706;
0.8383561643835615;535.8571428571427;0.3309213338157613;
0.8383561643835615;545.5714285714284;0.32987504269985307;
0.8383561643835615;555.2857142857141;0.32890863051668245;
0.8383561643835615;564.9999999999998;0.32801157028002154;
0.8383561643835615;574.7142857142856;0.32717407621721867;
0.8383561643835615;584.4285714285712;0.32638714913056205;
0.8383561643835615;594.1428571428569;0.32564258658335776;
0.8383561643835615;603.8571428571427;0.3249329681295396;
0.8383561643835615;613.5714285714283;0.32425162380382594;
0.8383561643835615;623.285714285714;0.32359259215807396;
0.8383561643835615;632.9999999999998;0.3229505724799359;
0.8383561643835615;642.7142857142854;0.3223208744341279;
0.8383561643835615;652.4285714285711;0.3216993673987632;
0.8383561643835615;662.1428571428569;0.3210824309345676;
0.8383561643835615;671.8571428571425;0.3204669073505151;
0.8383561643835615;681.5714285714282;0.31985005688136775;
0.8383561643835615;691.285714285714;0.3192295157935576;
0.8383561643835615;700.9999999999997;0.3186032575270409;
0.8958904109589041;225.0;0.259718284495061;
0.8958904109589041;234.71428571428572;0.2641078596721157;
0.8958904109589041;244.42857142857142;0.2670311528688602;
0.8958904109589041;254.1428571428571;0.2688581186066753;
0.8958904109589041;263.85714285714283;0.26985139211071635;
0.8958904109589041;273.57142857142856;0.2702024546483766;
0.8958904109589041;283.2857142857142;0.27005412327749345;
0.8958904109589041;292.99999999999994;0.26951506220731447;
0.8958904109589041;302.71428571428567;0.2686694235610359;
0.8958904109589041;312.4285714285714;0.26758340532014196;
0.8958904109589041;322.1428571428571;0.2663098004001586;
0.8958904109589041;331.8571428571428;0.2648912063635465;
0.8958904109589041;341.5714285714285;0.26336232642346763;
0.8958904109589041;351.2857142857142;0.2617516465870112;
0.8958904109589041;360.9999999999999;0.26008268153950836;
0.8958904109589041;370.7142857142856;0.25837492150715025;
0.8958904109589041;380.42857142857133;0.256644571160679;
0.8958904109589041;390.14285714285705;0.2549051424607519;
0.8958904109589041;399.8571428571428;0.2531679418796745;
0.8958904109589041;409.57142857142844;0.2514424766019436;
0.8958904109589041;419.28571428571416;0.24973679286555459;
0.8958904109589041;428.9999999999999;0.2480577522737587;
0.8958904109589041;438.71428571428555;0.2464112482441;
0.8958904109589041;448.4285714285713;0.24480236438393668;
0.8958904109589041;458.142857142857;0.24323547860511963;
0.8958904109589041;467.8571428571427;0.24171432009906893;
0.8958904109589041;477.57142857142844;0.24024198962010818;
0.8958904109589041;487.2857142857141;0.23882095580724097;
0.8958904109589041;496.99999999999983;0.2374530408426006;
0.8958904109589041;506.71428571428555;0.23613940750874002;
0.8958904109589041;516.4285714285712;0.23488055698527444;
0.8958904109589041;526.1428571428569;0.2336763432425554;
0.8958904109589041;535.8571428571427;0.23252600624911643;
0.8958904109589041;545.5714285714284;0.23142822312682057;
0.8958904109589041;555.2857142857141;0.23038117409803824;
0.8958904109589041;564.9999999999998;0.22938261878068944;
0.8958904109589041;574.7142857142856;0.2284299779442653;
0.8958904109589041;584.4285714285712;0.22752041611725513;
0.8958904109589041;594.1428571428569;0.22665092111891108;
0.8958904109589041;603.8571428571427;0.22581837753814116;
0.8958904109589041;613.5714285714283;0.22501963212386616;
0.8958904109589041;623.285714285714;0.22425154998857616;
0.8958904109589041;632.9999999999998;0.22351106122522207;
0.8958904109589041;642.7142857142854;0.22279519817214555;
0.8958904109589041;652.4285714285711;0.22210112391990183;
0.8958904109589041;662.1428571428569;0.22142615294394452;
0.8958904109589041;671.8571428571425;0.220767764867264;
0.8958904109589041;681.5714285714282;0.22012361240109804;
0.8958904109589041;691.285714285714;0.21949152447651682;
0.8958904109589041;700.9999999999997;0.21886950552444467;
