trade_date;maturity_date;maturity;strike;forward;log_moneyness;implied_vol;ssvi_implied_vol;ticker
2026-04-26;2026-05-29;0.0904109589041095;270.0;425.7101406663304;-0.45533673470853225;0.6638845532889367;0.4700786194643641;MSFT
2026-04-26;2026-05-29;0.0904109589041095;280.0;425.7101406663304;-0.41896909053765746;0.5973794920889139;0.4630357097188464;MSFT
2026-04-26;2026-05-29;0.0904109589041095;290.0;425.7101406663304;-0.3838777707263874;0.5605193910853861;0.45623109276615936;MSFT
2026-04-26;2026-05-29;0.0904109589041095;300.0;425.7101406663304;-0.3499762190507059;0.5351737130566834;0.4496589664455151;MSFT
2026-04-26;2026-05-29;0.0904109589041095;305.0;425.7101406663304;-0.3334469170994954;0.5127659473813773;0.44645865850093613;MSFT
2026-04-26;2026-05-29;0.0904109589041095;310.0;425.7101406663304;-0.3171863962277151;0.501709884033203;0.44331491888445107;MSFT
2026-04-26;2026-05-29;0.0904109589041095;315.0;425.7101406663304;-0.30118605488127403;0.4998779356424212;0.44022738834287956;MSFT
2026-04-26;2026-05-29;0.0904109589041095;320.0;425.7101406663304;-0.28543769791313484;0.4940491985955835;0.4371957760064535;MSFT
2026-04-26;2026-05-29;0.0904109589041095;325.0;425.7101406663304;-0.26993351137716964;0.4623577133300304;0.4342198550498511;MSFT
2026-04-26;2026-05-29;0.0904109589041095;330.0;425.7101406663304;-0.2546660392463811;0.4679009441854954;0.43129945838207495;MSFT
2026-04-26;2026-05-29;0.0904109589041095;335.0;425.7101406663304;-0.23962816188184058;0.454150006374389;0.4284344743336713;MSFT
2026-04-26;2026-05-29;0.0904109589041095;340.0;425.7101406663304;-0.22481307609669995;0.4492783707196117;0.42562484231314285;MSFT
2026-04-26;2026-05-29;0.0904109589041095;345.0;425.7101406663304;-0.21021427667554732;0.4389444174984693;0.4228705484078982;MSFT
2026-04-26;2026-05-29;0.0904109589041095;350.0;425.7101406663304;-0.19582553922344773;0.4338656557445228;0.42017162090876264;MSFT
2026-04-26;2026-05-29;0.0904109589041095;355.0;425.7101406663304;-0.18164090423149132;0.4244558723557889;0.41752812574099224;MSFT
2026-04-26;2026-05-29;0.0904109589041095;360.0;425.7101406663304;-0.1676546622567513;0.420665762764156;0.4149401617889288;MSFT
2026-04-26;2026-05-29;0.0904109589041095;365.0;425.7101406663304;-0.15386134012441552;0.4172270224831998;0.4124078561059217;MSFT
2026-04-26;2026-05-29;0.0904109589041095;370.0;425.7101406663304;-0.14025568806863692;0.410993271956116;0.40993135900592614;MSFT
2026-04-26;2026-05-29;0.0904109589041095;375.0;425.7101406663304;-0.12683266773649624;0.403140808612287;0.407510839038265;MSFT
2026-04-26;2026-05-29;0.0904109589041095;380.0;425.7101406663304;-0.11358744098647562;0.4014456528539062;0.4051464778523571;MSFT
2026-04-26;2026-05-29;0.0904109589041095;385.0;425.7101406663304;-0.10051535941912287;0.3964878139988632;0.4028384649647325;MSFT
2026-04-26;2026-05-29;0.0904109589041095;390.0;425.7101406663304;-0.08761195458321488;0.3955111920895428;0.400586992446288;MSFT
2026-04-26;2026-05-29;0.0904109589041095;395.0;425.7101406663304;-0.07487292880578515;0.3910589495326877;0.3983922495533757;MSFT
2026-04-26;2026-05-29;0.0904109589041095;400.0;425.7101406663304;-0.06229414659892505;0.3870698349731117;0.3962544173318652;MSFT
2026-04-26;2026-05-29;0.0904109589041095;405.0;425.7101406663304;-0.04987162660036791;0.3881872728275508;0.3941736632286075;MSFT
2026-04-26;2026-05-29;0.0904109589041095;410.0;425.7101406663304;-0.03760153400855359;0.3861049104729891;0.3921501357496252;MSFT
2026-04-26;2026-05-29;0.0904109589041095;415.0;425.7101406663304;-0.025480173476208793;0.3856852938576937;0.39018395920868887;MSFT
2026-04-26;2026-05-29;0.0904109589041095;420.0;425.7101406663304;-0.013503982429493005;0.3847172028614506;0.38827522861353425;MSFT
2026-04-26;2026-05-29;0.0904109589041095;425.0;425.7101406663304;-0.0016695247824901845;0.3861657444513962;0.38642400473969263;MSFT
2026-04-26;2026-05-29;0.0904109589041095;430.0;425.7101406663304;0.010026514980701076;0.3752971004206538;0.38463030944357224;MSFT
2026-04-26;2026-05-29;0.0904109589041095;435.0;425.7101406663304;0.021587337381777153;0.3723917098450586;0.38289412126693106;MSFT
2026-04-26;2026-05-29;0.0904109589041095;440.0;425.7101406663304;0.03301603320539978;0.3765238755234852;0.3812153713841198;MSFT
2026-04-26;2026-05-29;0.0904109589041095;445.0;425.7101406663304;0.044315588459333234;0.373315395389825;0.3795939399413808;MSFT
2026-04-26;2026-05-29;0.0904109589041095;450.0;425.7101406663304;0.05548888905745834;0.3730241149996444;0.3780296528340619;MSFT
2026-04-26;2026-05-29;0.0904109589041095;455.0;425.7101406663304;0.0665387252440434;0.3728390053617358;0.3765222789628645;MSFT
2026-04-26;2026-05-29;0.0904109589041095;460.0;425.7101406663304;0.07746779577623356;0.3760456601035148;0.3750715280042863;MSFT
2026-04-26;2026-05-29;0.0904109589041095;465.0;425.7101406663304;0.08827871188044926;0.3765900739188493;0.37367704872336976;MSFT
2026-04-26;2026-05-29;0.0904109589041095;470.0;425.7101406663304;0.0989740009971973;0.3824466761315465;0.37233842784891374;MSFT
2026-04-26;2026-05-29;0.0904109589041095;475.0;425.7101406663304;0.10955611032773413;0.3797959090969264;0.37105518952266237;MSFT
2026-04-26;2026-05-29;0.0904109589041095;480.0;425.7101406663304;0.12002741019502962;0.3795763777835443;0.36982679532491386;MSFT
2026-04-26;2026-05-29;0.0904109589041095;485.0;425.7101406663304;0.1303901972305761;0.3837738477878422;0.3686526448697602;MSFT
2026-04-26;2026-05-29;0.0904109589041095;490.0;425.7101406663304;0.14064669739776528;0.3856286694564819;0.36753207695405193;MSFT
2026-04-26;2026-05-29;0.0904109589041095;495.0;425.7101406663304;0.15079906886178315;0.3845727733854651;0.36646437123547104;MSFT
2026-04-26;2026-05-29;0.0904109589041095;500.0;425.7101406663304;0.1608494047152847;0.390167264225185;0.3654487504070261;MSFT
2026-04-26;2026-05-29;0.0904109589041095;505.0;425.7101406663304;0.17079973556845285;0.3948807985913157;0.3644843828281046;MSFT
2026-04-26;2026-05-29;0.0904109589041095;510.0;425.7101406663304;0.18065203201146438;0.3981951142011881;0.3635703855660987;MSFT
2026-04-26;2026-05-29;0.0904109589041095;515.0;425.7101406663304;0.19040820695682914;0.4015264916372151;0.3627058277977198;MSFT
2026-04-26;2026-05-29;0.0904109589041095;520.0;425.7101406663304;0.20007011786856593;0.405550623918593;0.3618897345155123;MSFT
2026-04-26;2026-05-29;0.0904109589041095;525.0;425.7101406663304;0.20963956888471671;0.4133871430231333;0.36112109048281665;MSFT
2026-04-26;2026-05-29;0.0904109589041095;530.0;425.7101406663304;0.21911831283926056;0.4137566917468309;0.36039884437950165;MSFT
2026-04-26;2026-05-29;0.0904109589041095;535.0;425.7101406663304;0.22850805318909947;0.4167002665403485;0.3597219130811261;MSFT
2026-04-26;2026-05-29;0.0904109589041095;540.0;425.7101406663304;0.23781044585141306;0.4264225272168219;0.35908918601570583;MSFT
2026-04-26;2026-05-29;0.0904109589041095;545.0;425.7101406663304;0.24702710095633698;0.4214400269449353;0.35849952954482184;MSFT
2026-04-26;2026-05-29;0.0904109589041095;550.0;425.7101406663304;0.2561595845196096;0.4317407505832613;0.3579517913192543;MSFT
2026-04-26;2026-05-29;0.0904109589041095;555.0;425.7101406663304;0.2652094200395274;0.4454434086417557;0.3574448045634949;MSFT
2026-04-26;2026-06-18;0.1452054794520547;235.0;426.3721966033516;-0.5957271516175425;0.5842634926292896;0.5671678860943627;MSFT
2026-04-26;2026-06-18;0.1452054794520547;240.0;426.3721966033516;-0.5746737424197103;0.5573937241384983;0.5598164119962058;MSFT
2026-04-26;2026-06-18;0.1452054794520547;245.0;426.3721966033516;-0.5540544552169745;0.573233059273243;0.5525389368592037;MSFT
2026-04-26;2026-06-18;0.1452054794520547;250.0;426.3721966033516;-0.5338517478994551;0.5798479814274311;0.54533274550908;MSFT
2026-04-26;2026-06-18;0.1452054794520547;255.0;426.3721966033516;-0.5140491206032755;0.5350980151729583;0.538195422977488;MSFT
2026-04-26;2026-06-18;0.1452054794520547;260.0;426.3721966033516;-0.49463103474617376;0.5460885134249926;0.5311248561951387;MSFT
2026-04-26;2026-06-18;0.1452054794520547;265.0;426.3721966033516;-0.4755828397754793;0.5253240474774836;0.5241192393001879;MSFT
2026-04-26;2026-06-18;0.1452054794520547;270.0;426.3721966033516;-0.4568907067633267;0.5241653334147929;0.5171770827620356;MSFT
2026-04-26;2026-06-18;0.1452054794520547;275.0;426.3721966033516;-0.43854156809513023;0.5038830689470768;0.5102972265896424;MSFT
2026-04-26;2026-06-18;0.1452054794520547;280.0;426.3721966033516;-0.4205230625924518;0.4961004920352697;0.5034788579656567;MSFT
2026-04-26;2026-06-18;0.1452054794520547;285.0;426.3721966033516;-0.40282348549305097;0.4806771972378492;0.49672153372328176;MSFT
2026-04-26;2026-06-18;0.1452054794520547;290.0;426.3721966033516;-0.38543174278118186;0.4774940118202567;0.49002520816142653;MSFT
2026-04-26;2026-06-18;0.1452054794520547;295.0;426.3721966033516;-0.36833730942188164;0.4769459472211599;0.4833902667739304;MSFT
2026-04-26;2026-06-18;0.1452054794520547;300.0;426.3721966033516;-0.3515301911055005;0.4542872460415363;0.4768175665477329;MSFT
2026-04-26;2026-06-18;0.1452054794520547;305.0;426.3721966033516;-0.3350008891542898;0.459068431665957;0.47030848355799193;MSFT
2026-04-26;2026-06-18;0.1452054794520547;310.0;426.3721966033516;-0.31874036828250957;0.4530255649755895;0.4638649686476293;MSFT
2026-04-26;2026-06-18;0.1452054794520547;315.0;426.3721966033516;-0.3027400269360685;0.4420261260286273;0.45748961201270316;MSFT
2026-04-26;2026-06-18;0.1452054794520547;320.0;426.3721966033516;-0.28699166996792924;0.4330809607529938;0.45118571750572456;MSFT
2026-04-26;2026-06-18;0.1452054794520547;325.0;426.3721966033516;-0.27148748343196405;0.4304595490000547;0.44495738739087604;MSFT
2026-04-26;2026-06-18;0.1452054794520547;330.0;426.3721966033516;-0.25622001130117555;0.4221195197594761;0.43880961810178154;MSFT
2026-04-26;2026-06-18;0.1452054794520547;335.0;426.3721966033516;-0.2411821339366351;0.4171733783136308;0.43274840721387015;MSFT
2026-04-26;2026-06-18;0.1452054794520547;340.0;426.3721966033516;-0.2263670481514944;0.4121282931772471;0.4267808712821355;MSFT
2026-04-26;2026-06-18;0.1452054794520547;345.0;426.3721966033516;-0.21176824873034175;0.4045714688123762;0.4209153733237942;MSFT
2026-04-26;2026-06-18;0.1452054794520547;350.0;426.3721966033516;-0.19737951127824221;0.3992118947318941;0.41516165743541417;MSFT
2026-04-26;2026-06-18;0.1452054794520547;355.0;426.3721966033516;-0.1831948762862857;0.3959363221333771;0.40953098619916994;MSFT
2026-04-26;2026-06-18;0.1452054794520547;360.0;426.3721966033516;-0.16920863431154587;0.3900555800443739;0.40403627402061965;MSFT
2026-04-26;2026-06-18;0.1452054794520547;365.0;426.3721966033516;-0.15541531217920995;0.3880617305696009;0.39869220623877333;MSFT
2026-04-26;2026-06-18;0.1452054794520547;370.0;426.3721966033516;-0.1418096601234314;0.3840653889482915;0.3935153297156142;MSFT
2026-04-26;2026-06-18;0.1452054794520547;375.0;426.3721966033516;-0.12838663979129064;0.3783386875823213;0.38852409575365077;MSFT
2026-04-26;2026-06-18;0.1452054794520547;380.0;426.3721966033516;-0.11514141304127005;0.373921500000164;0.38373883097967937;MSFT
2026-04-26;2026-06-18;0.1452054794520547;385.0;426.3721966033516;-0.10206933147391734;0.3714227247793227;0.37918160705528225;MSFT
2026-04-26;2026-06-18;0.1452054794520547;390.0;426.3721966033516;-0.08916592663800937;0.3688124143892527;0.374875977066057;MSFT
2026-04-26;2026-06-18;0.1452054794520547;395.0;426.3721966033516;-0.07642690086057967;0.3650227518323659;0.37084654714838483;MSFT
2026-04-26;2026-06-18;0.1452054794520547;400.0;426.3721966033516;-0.06384811865371948;0.3623270578057319;0.3671183587371255;MSFT
2026-04-26;2026-06-18;0.1452054794520547;405.0;426.3721966033516;-0.05142559865516238;0.3604545782646089;0.36371607209347534;MSFT
2026-04-26;2026-06-18;0.1452054794520547;410.0;426.3721966033516;-0.039155506063348076;0.3588057651082724;0.3606629667625234;MSFT
2026-04-26;2026-06-18;0.1452054794520547;415.0;426.3721966033516;-0.0270341455310032;0.356892866175495;0.3579798081376888;MSFT
2026-04-26;2026-06-18;0.1452054794520547;420.0;426.3721966033516;-0.015057954484287555;0.3562634039996564;0.3556836665109594;MSFT
2026-04-26;2026-06-18;0.1452054794520547;425.0;426.3721966033516;-0.0032234968372846506;0.3533370772967711;0.3537868070841942;MSFT
2026-04-26;2026-06-18;0.1452054794520547;430.0;426.3721966033516;0.00847254292590658;0.3490657534270771;0.35229578542244977;MSFT
2026-04-26;2026-06-18;0.1452054794520547;435.0;426.3721966033516;0.020033365326982522;0.3493574249726608;0.3512108733933639;MSFT
2026-04-26;2026-06-18;0.1452054794520547;440.0;426.3721966033516;0.03146206115060523;0.3485953238622731;0.3505259027392004;MSFT
2026-04-26;2026-06-18;0.1452054794520547;445.0;426.3721966033516;0.042761616404538766;0.3492205205815732;0.35022855339762254;MSFT
2026-04-26;2026-06-18;0.1452054794520547;450.0;426.3721966033516;0.05393491700266395;0.3477318203702421;0.3503010461645894;MSFT
2026-04-26;2026-06-18;0.1452054794520547;455.0;426.3721966033516;0.06498475318924887;0.3495706605466977;0.3507211419511618;MSFT
2026-04-26;2026-06-18;0.1452054794520547;460.0;426.3721966033516;0.07591382372143911;0.3481893231802956;0.35146331647890516;MSFT
2026-04-26;2026-06-18;0.1452054794520547;465.0;426.3721966033516;0.0867247398256549;0.3488525737323834;0.3524999747602002;MSFT
2026-04-26;2026-06-18;0.1452054794520547;470.0;426.3721966033516;0.09742002894240281;0.3491179261072724;0.3538025898603646;MSFT
2026-04-26;2026-06-18;0.1452054794520547;475.0;426.3721966033516;0.10800213827293971;0.3501223386766612;0.35534268516643214;MSFT
2026-04-26;2026-06-18;0.1452054794520547;480.0;426.3721966033516;0.11847343814023507;0.3511052190724313;0.35709261759961747;MSFT
2026-04-26;2026-06-18;0.1452054794520547;485.0;426.3721966033516;0.1288362251757816;0.3528386335545257;0.35902615245862296;MSFT
2026-04-26;2026-06-18;0.1452054794520547;490.0;426.3721966033516;0.13909272534297087;0.3519744036310314;0.3611188445172016;MSFT
2026-04-26;2026-06-18;0.1452054794520547;495.0;426.3721966033516;0.14924509680698883;0.3547875560372844;0.3633482539217997;MSFT
2026-04-26;2026-06-18;0.1452054794520547;500.0;426.3721966033516;0.15929543266049023;0.355193165563859;0.3656940309431427;MSFT
2026-04-26;2026-06-18;0.1452054794520547;505.0;426.3721966033516;0.16924576351365828;0.3566773209219351;0.3681379032432028;MSFT
2026-04-26;2026-06-18;0.1452054794520547;510.0;426.3721966033516;0.17909805995666986;0.3593964097669646;0.37066359548771594;MSFT
2026-04-26;2026-06-18;0.1452054794520547;515.0;426.3721966033516;0.1888542349020347;0.3622325099568665;0.37325670579594944;MSFT
2026-04-26;2026-06-18;0.1452054794520547;520.0;426.3721966033516;0.19851614581377156;0.3638365451327712;0.3759045579617644;MSFT
2026-04-26;2026-06-18;0.1452054794520547;525.0;426.3721966033516;0.20808559682992223;0.3674702670689523;0.3785960433315383;MSFT
2026-04-26;2026-06-18;0.1452054794520547;530.0;426.3721966033516;0.21756434078446596;0.3692455165527314;0.3813214620079129;MSFT
2026-04-26;2026-06-18;0.1452054794520547;535.0;426.3721966033516;0.22695408113430496;0.3728288725741505;0.38407236973093295;MSFT
2026-04-26;2026-06-18;0.1452054794520547;540.0;426.3721966033516;0.2362564737966186;0.3731680229350924;0.3868414342987259;MSFT
2026-04-26;2026-06-18;0.1452054794520547;545.0;426.3721966033516;0.24547312890154258;0.3763616391634344;0.38962230359721517;MSFT
2026-04-26;2026-06-18;0.1452054794520547;550.0;426.3721966033516;0.25460561246481506;0.3785210405059606;0.39240948606794046;MSFT
2026-04-26;2026-06-18;0.1452054794520547;555.0;426.3721966033516;0.26365544798473295;0.3871369646908641;0.39519824362134076;MSFT
2026-04-26;2026-06-18;0.1452054794520547;560.0;426.3721966033516;0.2726241179674935;0.3814344404540956;0.397984496487379;MSFT
2026-04-26;2026-06-18;0.1452054794520547;565.0;426.3721966033516;0.28151306538473947;0.388174383325696;0.4007647391968796;MSFT
2026-04-26;2026-06-18;0.1452054794520547;570.0;426.3721966033516;0.2903236950668943;0.3971325126089751;0.40353596673747244;MSFT
2026-04-26;2026-06-18;0.1452054794520547;575.0;426.3721966033516;0.2990573750356489;0.3900096099712848;0.4062956098775117;MSFT
2026-04-26;2026-06-18;0.1452054794520547;580.0;426.3721966033516;0.3077154377787634;0.3877659425790608;0.4090414786638838;MSFT
2026-04-26;2026-06-18;0.1452054794520547;585.0;426.3721966033516;0.31629918147015507;0.4073438292980194;0.4117717131501101;MSFT
2026-04-26;2026-06-18;0.1452054794520547;590.0;426.3721966033516;0.32480987113806364;0.4096706451530755;0.4144847404824397;MSFT
2026-04-26;2026-06-18;0.1452054794520547;595.0;426.3721966033516;0.33324873978392827;0.4046100628121495;0.41717923755233594;MSFT
2026-04-26;2026-06-18;0.1452054794520547;600.0;426.3721966033516;0.3416169894544448;0.4095608236170411;0.4198540985065267;MSFT
2026-04-26;2026-06-18;0.1452054794520547;605.0;426.3721966033516;0.3499157922691399;0.4186123831623196;0.42250840648613275;MSFT
2026-04-26;2026-06-18;0.1452054794520547;610.0;426.3721966033516;0.35814629140565546;0.410717451517582;0.42514140904167347;MSFT
2026-04-26;2026-06-18;0.1452054794520547;615.0;426.3721966033516;0.3663096020448164;0.4120317336720228;0.4277524967396806;MSFT
2026-04-26;2026-06-18;0.1452054794520547;620.0;426.3721966033516;0.3744068122774357;0.43759884291178;0.43034118453870146;MSFT
2026-04-26;2026-06-18;0.1452054794520547;625.0;426.3721966033516;0.38243898397469994;0.4387256684958934;0.432907095567678;MSFT
2026-04-26;2026-06-18;0.1452054794520547;630.0;426.3721966033516;0.3904071536238768;0.432911534584105;0.43544994698835104;MSFT
2026-04-26;2026-06-18;0.1452054794520547;635.0;426.3721966033516;0.3983123331309902;0.4475107953323126;0.4379695376659693;MSFT
2026-04-26;2026-06-18;0.1452054794520547;640.0;426.3721966033516;0.40615551059201604;0.4123196240487098;0.4404657374097212;MSFT
2026-04-26;2026-06-18;0.1452054794520547;645.0;426.3721966033516;0.413937651034071;0.4593211553092599;0.4429384775765687;MSFT
2026-04-26;2026-06-18;0.1452054794520547;650.0;426.3721966033516;0.42165969712798124;0.4377249067102671;0.4453877428600818;MSFT
2026-04-26;2026-06-18;0.1452054794520547;655.0;426.3721966033516;0.4293225698735505;0.4505625525344611;0.4478135641100183;MSFT
2026-04-26;2026-06-18;0.1452054794520547;660.0;426.3721966033516;0.43692716925876973;0.4393622459747792;0.45021601204921446;MSFT
2026-04-26;2026-06-18;0.1452054794520547;665.0;426.3721966033516;0.44447437489415265;0.4496637146710157;0.4525951917723278;MSFT
2026-04-26;2026-06-18;0.1452054794520547;670.0;426.3721966033516;0.4519650466233102;0.4562375096285343;0.454951237926446;MSFT
2026-04-26;2026-06-18;0.1452054794520547;675.0;426.3721966033516;0.4594000251108283;0.4874599064335226;0.4572843104869294;MSFT
2026-04-26;2026-06-18;0.1452054794520547;680.0;426.3721966033516;0.46678013240845095;0.4613068836528062;0.4595945910533504;MSFT
2026-04-26;2026-06-18;0.1452054794520547;700.0;426.3721966033516;0.4957676692817031;0.4688045504195691;0.46861201102517797;MSFT
2026-04-26;2026-06-18;0.1452054794520547;720.0;426.3721966033516;0.5239385462483994;0.4789385300974846;0.4772830102782579;MSFT
2026-04-26;2026-06-18;0.1452054794520547;740.0;426.3721966033516;0.551337520436514;0.4928132965333461;0.48562430739217766;MSFT
2026-04-26;2026-06-18;0.1452054794520547;760.0;426.3721966033516;0.5780057675186753;0.4983004990339278;0.49365328681442927;MSFT
2026-04-26;2026-06-18;0.1452054794520547;780.0;426.3721966033516;0.6039812539219359;0.5116519367933272;0.5013872288825365;MSFT
2026-04-26;2026-06-18;0.1452054794520547;800.0;426.3721966033516;0.6292990619062259;0.537551341861248;0.5088428699604802;MSFT
2026-04-26;2026-07-17;0.2246575342465753;215.0;427.3340069943732;-0.6869278971134909;0.5329188697957994;0.44728728467393314;MSFT
2026-04-26;2026-07-17;0.2246575342465753;220.0;427.3340069943732;-0.663938378888792;0.5228707207891943;0.44354266399674463;MSFT
2026-04-26;2026-07-17;0.2246575342465753;225.0;427.3340069943732;-0.6414655230367335;0.5032119207811356;0.43986609691453227;MSFT
2026-04-26;2026-07-17;0.2246575342465753;230.0;427.3340069943732;-0.6194866163179582;0.4931339694581031;0.43625544971044056;MSFT
2026-04-26;2026-07-17;0.2246575342465753;235.0;427.3340069943732;-0.5979804110969947;0.5172333146138192;0.4327087600643411;MSFT
2026-04-26;2026-07-17;0.2246575342465753;240.0;427.3340069943732;-0.5769270018991624;0.4716858383717537;0.42922422468599286;MSFT
2026-04-26;2026-07-17;0.2246575342465753;245.0;427.3340069943732;-0.5563077146964266;0.4915914015598296;0.4258001882130277;MSFT
2026-04-26;2026-07-17;0.2246575342465753;250.0;427.3340069943732;-0.5361050073789072;0.4724487776722907;0.4224351332156112;MSFT
2026-04-26;2026-07-17;0.2246575342465753;255.0;427.3340069943732;-0.5163023800827274;0.4645180832478405;0.4191276711700451;MSFT
2026-04-26;2026-07-17;0.2246575342465753;260.0;427.3340069943732;-0.49688429422562597;0.4633334411698581;0.415876534280751;MSFT
2026-04-26;2026-07-17;0.2246575342465753;265.0;427.3340069943732;-0.47783609925493137;0.4595670244197846;0.4126805680445716;MSFT
2026-04-26;2026-07-17;0.2246575342465753;270.0;427.3340069943732;-0.4591439662427789;0.4614068704244197;0.40953872446357764;MSFT
2026-04-26;2026-07-17;0.2246575342465753;275.0;427.3340069943732;-0.4407948275745823;0.443618314783752;0.4064500558229622;MSFT
2026-04-26;2026-07-17;0.2246575342465753;280.0;427.3340069943732;-0.4227763220719041;0.4501435319654942;0.40341370895943524;MSFT
2026-04-26;2026-07-17;0.2246575342465753;285.0;427.3340069943732;-0.4050767449725031;0.4398726106435954;0.4004289199530646;MSFT
2026-04-26;2026-07-17;0.2246575342465753;290.0;427.3340069943732;-0.38768500226063385;0.4224156057731807;0.3974950091819582;MSFT
2026-04-26;2026-07-17;0.2246575342465753;295.0;427.3340069943732;-0.37059056890133385;0.4239976617407202;0.39461137668473173;MSFT
2026-04-26;2026-07-17;0.2246575342465753;300.0;427.3340069943732;-0.35378345058495253;0.4094499589999317;0.3917774977805197;MSFT
2026-04-26;2026-07-17;0.2246575342465753;310.0;427.3340069943732;-0.32099362776196166;0.4037429644156993;0.3862572535885958;MSFT
2026-04-26;2026-07-17;0.2246575342465753;320.0;427.3340069943732;-0.2892449294473814;0.3887118681024611;0.380931430289146;MSFT
2026-04-26;2026-07-17;0.2246575342465753;330.0;427.3340069943732;-0.2584732707806277;0.3847630611758529;0.37579813356652686;MSFT
2026-04-26;2026-07-17;0.2246575342465753;340.0;427.3340069943732;-0.2286203076309466;0.3730298891984522;0.3708563023283593;MSFT
2026-04-26;2026-07-17;0.2246575342465753;350.0;427.3340069943732;-0.1996327707576943;0.367596293614544;0.3661055903176641;MSFT
2026-04-26;2026-07-17;0.2246575342465753;360.0;427.3340069943732;-0.171461893790998;0.3601971607564687;0.3615462451712004;MSFT
2026-04-26;2026-07-17;0.2246575342465753;370.0;427.3340069943732;-0.14406291960288345;0.3535217026470377;0.35717898277430793;MSFT
2026-04-26;2026-07-17;0.2246575342465753;380.0;427.3340069943732;-0.11739467252072214;0.349023788040258;0.3530048556576507;MSFT
2026-04-26;2026-07-17;0.2246575342465753;390.0;427.3340069943732;-0.0914191861174615;0.3437282516871988;0.34902511519617646;MSFT
2026-04-26;2026-07-17;0.2246575342465753;395.0;427.3340069943732;-0.07868016034003181;0.3417437899421005;0.3471085502470591;MSFT
2026-04-26;2026-07-17;0.2246575342465753;400.0;427.3340069943732;-0.06610137813317164;0.3396808735990076;0.3452410684956012;MSFT
2026-04-26;2026-07-17;0.2246575342465753;405.0;427.3340069943732;-0.05367885813461455;0.3385106670180447;0.3434228180166709;MSFT
2026-04-26;2026-07-17;0.2246575342465753;410.0;427.3340069943732;-0.04140876554280015;0.3377786103679053;0.34165393204299577;MSFT
2026-04-26;2026-07-17;0.2246575342465753;415.0;427.3340069943732;-0.029287405010455292;0.3341992031534127;0.33993452445514427;MSFT
2026-04-26;2026-07-17;0.2246575342465753;420.0;427.3340069943732;-0.017311213963739663;0.335528889380157;0.33826468537586085;MSFT
2026-04-26;2026-07-17;0.2246575342465753;425.0;427.3340069943732;-0.005476756316736777;0.3359051622514985;0.33664447691046157;MSFT
2026-04-26;2026-07-17;0.2246575342465753;430.0;427.3340069943732;0.006219283446454439;0.3315667086640522;0.3350739290766939;MSFT
2026-04-26;2026-07-17;0.2246575342465753;435.0;427.3340069943732;0.017780105847530363;0.3321783639558255;0.3335530359682095;MSFT
2026-04-26;2026-07-17;0.2246575342465753;440.0;427.3340069943732;0.029208801671153275;0.3297589746553674;0.33208175219550157;MSFT
2026-04-26;2026-07-17;0.2246575342465753;445.0;427.3340069943732;0.04050835692508658;0.3290285571326315;0.3306599896467626;MSFT
2026-04-26;2026-07-17;0.2246575342465753;450.0;427.3340069943732;0.05168165752321175;0.3281551257439404;0.3292876146085903;MSFT
2026-04-26;2026-07-17;0.2246575342465753;455.0;427.3340069943732;0.06273149370979687;0.3291584207264632;0.3279644452828335;MSFT
2026-04-26;2026-07-17;0.2246575342465753;460.0;427.3340069943732;0.07366056424198708;0.3329126185268015;0.3266902497311716;MSFT
2026-04-26;2026-07-17;0.2246575342465753;465.0;427.3340069943732;0.08447148034620265;0.3279625282740295;0.3254647442733711;MSFT
2026-04-26;2026-07-17;0.2246575342465753;470.0;427.3340069943732;0.09516676946295055;0.3275281781385503;0.32428759235869037;MSFT
2026-04-26;2026-07-17;0.2246575342465753;475.0;427.3340069943732;0.10574887879348764;0.328455607599318;0.32315840392278844;MSFT
2026-04-26;2026-07-17;0.2246575342465753;480.0;427.3340069943732;0.11622017866078299;0.3275030510605126;0.3220767352349379;MSFT
2026-04-26;2026-07-17;0.2246575342465753;485.0;427.3340069943732;0.1265829656963295;0.3290076210053413;0.32104208923257305;MSFT
2026-04-26;2026-07-17;0.2246575342465753;490.0;427.3340069943732;0.13683946586351875;0.3291508583886697;0.3200539163324468;MSFT
2026-04-26;2026-07-17;0.2246575342465753;495.0;427.3340069943732;0.1469918373275367;0.3300880294816196;0.31911161570017016;MSFT
2026-04-26;2026-07-17;0.2246575342465753;500.0;427.3340069943732;0.15704217318103808;0.3301555689812228;0.3182145369528757;MSFT
2026-04-26;2026-07-17;0.2246575342465753;505.0;427.3340069943732;0.16699250403420612;0.33133950325419;0.3173619822633898;MSFT
2026-04-26;2026-07-17;0.2246575342465753;510.0;427.3340069943732;0.1768448004772179;0.3318130248093232;0.31655320882878674;MSFT
2026-04-26;2026-07-17;0.2246575342465753;515.0;427.3340069943732;0.18660097542258253;0.3327002397693619;0.31578743166166173;MSFT
2026-04-26;2026-07-17;0.2246575342465753;520.0;427.3340069943732;0.19626288633431938;0.3323622442481815;0.31506382665899635;MSFT
2026-04-26;2026-07-17;0.2246575342465753;525.0;427.3340069943732;0.20583233735047002;0.3365615396443605;0.3143815339011461;MSFT
2026-04-26;2026-07-17;0.2246575342465753;530.0;427.3340069943732;0.21531108130501392;0.3365821032426953;0.31373966113226276;MSFT
2026-04-26;2026-07-17;0.2246575342465753;535.0;427.3340069943732;0.22470082165485292;0.3390874349731504;0.31313728737334046;MSFT
2026-04-26;2026-07-17;0.2246575342465753;540.0;427.3340069943732;0.23400321431716636;0.3412160654239654;0.3125734666199719;MSFT
2026-04-26;2026-07-17;0.2246575342465753;545.0;427.3340069943732;0.2432198694220905;0.3424732016366572;0.31204723157872816;MSFT
2026-04-26;2026-07-17;0.2246575342465753;550.0;427.3340069943732;0.25235235298536296;0.3422012554992585;0.31155759739869715;MSFT
2026-04-26;2026-07-17;0.2246575342465753;555.0;427.3340069943732;0.26140218850528085;0.3439197315702438;0.3111035653580064;MSFT
2026-04-26;2026-07-17;0.2246575342465753;560.0;427.3340069943732;0.2703708584880412;0.3479764228823185;0.3106841264689613;MSFT
2026-04-26;2026-07-17;0.2246575342465753;565.0;427.3340069943732;0.2792598059052874;0.3495316567650735;0.3102982649696072;MSFT
2026-04-26;2026-07-17;0.2246575342465753;570.0;427.3340069943732;0.2880704355874422;0.3573862062710523;0.3099449616739221;MSFT
2026-04-26;2026-07-17;0.2246575342465753;575.0;427.3340069943732;0.29680411555619673;0.3563259888641535;0.3096231971573464;MSFT
2026-04-26;2026-07-17;0.2246575342465753;580.0;427.3340069943732;0.30546217829931144;0.3578805521947891;0.3093319547588177;MSFT
2026-04-26;2026-07-17;0.2246575342465753;585.0;427.3340069943732;0.31404592199070286;0.3610374370681345;0.3090702233848196;MSFT
2026-04-26;2026-07-17;0.2246575342465753;590.0;427.3340069943732;0.3225566116586115;0.3609259764046967;0.3088370001050634;MSFT
2026-04-26;2026-07-17;0.2246575342465753;595.0;427.3340069943732;0.33099548030447606;0.368173601736635;0.3086312925332613;MSFT
2026-04-26;2026-07-17;0.2246575342465753;600.0;427.3340069943732;0.33936372997499276;0.3601962666869759;0.3084521209899357;MSFT
2026-04-26;2026-07-17;0.2246575342465753;620.0;427.3340069943732;0.3721535527979836;0.3777329927538335;0.3079817491866375;MSFT
2026-04-26;2026-07-17;0.2246575342465753;640.0;427.3340069943732;0.4039022511125639;0.3851510873357356;0.30786202399067025;MSFT
2026-04-26;2026-07-17;0.2246575342465753;660.0;427.3340069943732;0.4346739097793176;0.3915524758927227;0.3080394673033685;MSFT
2026-04-26;2026-07-17;0.2246575342465753;680.0;427.3340069943732;0.46452687292899875;0.3998118898673654;0.3084665154263556;MSFT
2026-04-26;2026-07-17;0.2246575342465753;700.0;427.3340069943732;0.493514409802251;0.4167688118681312;0.30910157763268375;MSFT
2026-04-26;2026-07-17;0.2246575342465753;720.0;427.3340069943732;0.5216852867689473;0.4170909749087095;0.3099087531277007;MSFT
2026-04-26;2026-08-21;0.3205479452054794;215.0;428.4977025173704;-0.6896473482093809;0.4954400727032422;0.49180841414612686;MSFT
2026-04-26;2026-08-21;0.3205479452054794;220.0;428.4977025173704;-0.6666578299846821;0.4987642230775356;0.4865332367027569;MSFT
2026-04-26;2026-08-21;0.3205479452054794;225.0;428.4977025173704;-0.6441849741326237;0.4932090712954998;0.48134003778312945;MSFT
2026-04-26;2026-08-21;0.3205479452054794;230.0;428.4977025173704;-0.6222060674138484;0.4610988634841442;0.47622648928606237;MSFT
2026-04-26;2026-08-21;0.3205479452054794;235.0;428.4977025173704;-0.6006998621928847;0.4617372291020155;0.471190534789391;MSFT
2026-04-26;2026-08-21;0.3205479452054794;240.0;428.4977025173704;-0.5796464529950525;0.4684519890162349;0.46623037959367664;MSFT
2026-04-26;2026-08-21;0.3205479452054794;245.0;428.4977025173704;-0.5590271657923168;0.4748317708938123;0.46134448285413865;MSFT
2026-04-26;2026-08-21;0.3205479452054794;250.0;428.4977025173704;-0.5388244584747974;0.4701402902418375;0.45653155162612;MSFT
2026-04-26;2026-08-21;0.3205479452054794;255.0;428.4977025173704;-0.5190218311786176;0.4526645099120736;0.451790536671513;MSFT
2026-04-26;2026-08-21;0.3205479452054794;260.0;428.4977025173704;-0.499603745321516;0.4465493726043701;0.4471206298898776;MSFT
2026-04-26;2026-08-21;0.3205479452054794;265.0;428.4977025173704;-0.4805555503508216;0.4373914187894464;0.4425212632487249;MSFT
2026-04-26;2026-08-21;0.3205479452054794;270.0;428.4977025173704;-0.4618634173386689;0.4376855676525831;0.43799210909265546;MSFT
2026-04-26;2026-08-21;0.3205479452054794;275.0;428.4977025173704;-0.44351427867047244;0.4286386274663508;0.4335330817105997;MSFT
2026-04-26;2026-08-21;0.3205479452054794;280.0;428.4977025173704;-0.42549577316779413;0.4292316935632527;0.4291443400339858;MSFT
2026-04-26;2026-08-21;0.3205479452054794;285.0;428.4977025173704;-0.4077961960683933;0.4191375744835586;0.42482629132580535;MSFT
2026-04-26;2026-08-21;0.3205479452054794;290.0;428.4977025173704;-0.39040445335652396;0.414520674128443;0.42057959570065684;MSFT
2026-04-26;2026-08-21;0.3205479452054794;295.0;428.4977025173704;-0.3733100199972239;0.409071469581306;0.4164051712882503;MSFT
2026-04-26;2026-08-21;0.3205479452054794;300.0;428.4977025173704;-0.3565029016808427;0.4048271726873219;0.41230419981682503;MSFT
2026-04-26;2026-08-21;0.3205479452054794;310.0;428.4977025173704;-0.3237130788578518;0.3949629784788638;0.40432869483797856;MSFT
2026-04-26;2026-08-21;0.3205479452054794;320.0;428.4977025173704;-0.29196438054327156;0.3872666047673225;0.3966680169883115;MSFT
2026-04-26;2026-08-21;0.3205479452054794;330.0;428.4977025173704;-0.2611927218765178;0.380855977492243;0.38934163186293075;MSFT
2026-04-26;2026-08-21;0.3205479452054794;340.0;428.4977025173704;-0.2313397587268367;0.3731023833331613;0.3823735653540116;MSFT
2026-04-26;2026-08-21;0.3205479452054794;350.0;428.4977025173704;-0.20235222185358437;0.368620822747521;0.37579224263716876;MSFT
2026-04-26;2026-08-21;0.3205479452054794;360.0;428.4977025173704;-0.1741813448868881;0.362858470360525;0.3696300267636441;MSFT
2026-04-26;2026-08-21;0.3205479452054794;370.0;428.4977025173704;-0.14678237069877362;0.3594092620159239;0.36392233619850745;MSFT
2026-04-26;2026-08-21;0.3205479452054794;380.0;428.4977025173704;-0.12011412361661236;0.3545377381198331;0.3587062303179904;MSFT
2026-04-26;2026-08-21;0.3205479452054794;390.0;428.4977025173704;-0.09413863721335164;0.350082943739634;0.3540183993506498;MSFT
2026-04-26;2026-08-21;0.3205479452054794;400.0;428.4977025173704;-0.06882082922906171;0.3462387615701333;0.3498925932666422;MSFT
2026-04-26;2026-08-21;0.3205479452054794;410.0;428.4977025173704;-0.04412821663869027;0.3432339616428054;0.34635667091414135;MSFT
2026-04-26;2026-08-21;0.3205479452054794;420.0;428.4977025173704;-0.020030665059629717;0.3411035058001093;0.3434296174555641;MSFT
2026-04-26;2026-08-21;0.3205479452054794;430.0;428.4977025173704;0.0034998323505644503;0.341426842306897;0.34111900581824295;MSFT
2026-04-26;2026-08-21;0.3205479452054794;440.0;428.4977025173704;0.02648935057526313;0.3394095980137288;0.33941939538447913;MSFT
2026-04-26;2026-08-21;0.3205479452054794;450.0;428.4977025173704;0.048962206427321665;0.3407790144535601;0.33831202516285397;MSFT
2026-04-26;2026-08-21;0.3205479452054794;460.0;428.4977025173704;0.07094111314609686;0.3353942946685925;0.33776589197670664;MSFT
2026-04-26;2026-08-21;0.3205479452054794;470.0;428.4977025173704;0.09244731836706059;0.335251057285264;0.3377399983334043;MSFT
2026-04-26;2026-08-21;0.3205479452054794;480.0;428.4977025173704;0.11350072756489288;0.3348218666758165;0.33818632449579766;MSFT
2026-04-26;2026-08-21;0.3205479452054794;490.0;428.4977025173704;0.1341200147676285;0.3360361993115395;0.33905299935632877;MSFT
2026-04-26;2026-08-21;0.3205479452054794;500.0;428.4977025173704;0.1543227220851479;0.3346189501538426;0.3402872148429506;MSFT
2026-04-26;2026-08-21;0.3205479452054794;510.0;428.4977025173704;0.17412534938132776;0.3355312921919189;0.34183758943076703;MSFT
2026-04-26;2026-08-21;0.3205479452054794;520.0;428.4977025173704;0.1935434352384293;0.3359044358200356;0.3436558632126379;MSFT
2026-04-26;2026-08-21;0.3205479452054794;530.0;428.4977025173704;0.21259163020912372;0.3369724390821009;0.3456979466264983;MSFT
2026-04-26;2026-08-21;0.3205479452054794;540.0;428.4977025173704;0.2312837632212764;0.3394771002604366;0.34792442742353763;MSFT
2026-04-26;2026-08-21;0.3205479452054794;550.0;428.4977025173704;0.24963290188947287;0.3406530251608639;0.35030067128522746;MSFT
2026-04-26;2026-08-21;0.3205479452054794;560.0;428.4977025173704;0.26765140739215115;0.3393144168656393;0.35279664739705163;MSFT
2026-04-26;2026-08-21;0.3205479452054794;570.0;428.4977025173704;0.28535098449155205;0.3464679041305631;0.35538658837604264;MSFT
2026-04-26;2026-08-21;0.3205479452054794;580.0;428.4977025173704;0.3027427272034213;0.3491226199721098;0.35804856669969665;MSFT
2026-04-26;2026-08-21;0.3205479452054794;590.0;428.4977025173704;0.3198371605627214;0.3538725876700728;0.3607640443188737;MSFT
2026-04-26;2026-08-21;0.3205479452054794;600.0;428.4977025173704;0.3366442788791026;0.3557214488754271;0.36351743149064875;MSFT
2026-04-26;2026-08-21;0.3205479452054794;610.0;428.4977025173704;0.35317358083031314;0.3589608861652762;0.36629567560191706;MSFT
2026-04-26;2026-08-21;0.3205479452054794;620.0;428.4977025173704;0.3694341017020935;0.3657120049055367;0.36908789023869354;MSFT
2026-04-26;2026-08-21;0.3205479452054794;630.0;428.4977025173704;0.38543444304853464;0.3699097356801032;0.3718850279558522;MSFT
2026-04-26;2026-08-21;0.3205479452054794;640.0;428.4977025173704;0.4011828000166738;0.3741015804971754;0.37467959609132684;MSFT
2026-04-26;2026-08-21;0.3205479452054794;650.0;428.4977025173704;0.41668698655263914;0.3750526469201594;0.3774654126944492;MSFT
2026-04-26;2026-08-21;0.3205479452054794;660.0;428.4977025173704;0.4319544586834275;0.381513714615792;0.3802373985562555;MSFT
2026-04-26;2026-08-21;0.3205479452054794;680.0;428.4977025173704;0.4618074218331086;0.392475602644056;0.3857240450458387;MSFT
2026-04-26;2026-08-21;0.3205479452054794;700.0;428.4977025173704;0.4907949587063609;0.3885633035550714;0.3911149155993697;MSFT
2026-04-26;2026-08-21;0.3205479452054794;720.0;428.4977025173704;0.5189658356730572;0.4001000782672167;0.396394280958168;MSFT
2026-04-26;2026-08-21;0.3205479452054794;740.0;428.4977025173704;0.5463648098611718;0.4065424450092912;0.40155265950153163;MSFT
2026-04-26;2026-08-21;0.3205479452054794;760.0;428.4977025173704;0.573033056943333;0.4232287619768977;0.40658495246220433;MSFT
2026-04-26;2026-08-21;0.3205479452054794;780.0;428.4977025173704;0.5990085433465937;0.4171216712946295;0.41148912616228733;MSFT
2026-04-26;2026-08-21;0.3205479452054794;800.0;428.4977025173704;0.6243263513308837;0.4176482782258988;0.41626527810926484;MSFT
2026-04-26;2026-09-18;0.3972602739726027;215.0;429.40411368599945;-0.6917604373503081;0.4601723094664217;0.4654624128939656;MSFT
2026-04-26;2026-09-18;0.3972602739726027;220.0;429.40411368599945;-0.6687709191256094;0.4735890142987966;0.4606930558207064;MSFT
2026-04-26;2026-09-18;0.3972602739726027;225.0;429.40411368599945;-0.6462980632735508;0.4582572126128077;0.4560025942863749;MSFT
2026-04-26;2026-09-18;0.3972602739726027;230.0;429.40411368599945;-0.6243191565547755;0.4486179513875843;0.4513889528959911;MSFT
2026-04-26;2026-09-18;0.3972602739726027;235.0;429.40411368599945;-0.602812951333812;0.4486337466152906;0.44685030613840354;MSFT
2026-04-26;2026-09-18;0.3972602739726027;240.0;429.40411368599945;-0.5817595421359796;0.4426360304343105;0.44238506829441454;MSFT
2026-04-26;2026-09-18;0.3972602739726027;245.0;429.40411368599945;-0.561140254933244;0.4417920288330913;0.43799188512424886;MSFT
2026-04-26;2026-09-18;0.3972602739726027;250.0;429.40411368599945;-0.5409375476157245;0.4348293136461972;0.43366962715088797;MSFT
2026-04-26;2026-09-18;0.3972602739726027;255.0;429.40411368599945;-0.5211349203195449;0.4372802561491729;0.42941738437417665;MSFT
2026-04-26;2026-09-18;0.3972602739726027;260.0;429.40411368599945;-0.5017168344624433;0.4265085068997144;0.4252344622636703;MSFT
2026-04-26;2026-09-18;0.3972602739726027;265.0;429.40411368599945;-0.48266863949174876;0.416353814611882;0.4211203788863023;MSFT
2026-04-26;2026-09-18;0.3972602739726027;270.0;429.40411368599945;-0.4639765064795962;0.418455175943166;0.4170748630283141;MSFT
2026-04-26;2026-09-18;0.3972602739726027;275.0;429.40411368599945;-0.44562736781139967;0.4063895591260196;0.4130978531695974;MSFT
2026-04-26;2026-09-18;0.3972602739726027;280.0;429.40411368599945;-0.4276088623087213;0.4067042715874911;0.4091894971626709;MSFT
2026-04-26;2026-09-18;0.3972602739726027;285.0;429.40411368599945;-0.4099092852093204;0.4028573885830641;0.40535015245788214;MSFT
2026-04-26;2026-09-18;0.3972602739726027;290.0;429.40411368599945;-0.3925175424974512;0.3993788622096776;0.4015803867010399;MSFT
2026-04-26;2026-09-18;0.3972602739726027;295.0;429.40411368599945;-0.3754231091381511;0.3930626337718814;0.397880978509478;MSFT
2026-04-26;2026-09-18;0.3972602739726027;300.0;429.40411368599945;-0.35861599082177;0.386639936558649;0.39425291820756725;MSFT
2026-04-26;2026-09-18;0.3972602739726027;310.0;429.40411368599945;-0.32582616799877906;0.3848286635248884;0.38721586321207924;MSFT
2026-04-26;2026-09-18;0.3972602739726027;320.0;429.40411368599945;-0.29407746968419873;0.3744064581942259;0.3804813785268126;MSFT
2026-04-26;2026-09-18;0.3972602739726027;330.0;429.40411368599945;-0.26330581101744505;0.3684022972623184;0.3740649476418952;MSFT
2026-04-26;2026-09-18;0.3972602739726027;340.0;429.40411368599945;-0.23345284786776385;0.3625527730997726;0.36798521470726586;MSFT
2026-04-26;2026-09-18;0.3972602739726027;350.0;429.40411368599945;-0.20446531099451154;0.3571738275136129;0.362263653625479;MSFT
2026-04-26;2026-09-18;0.3972602739726027;360.0;429.40411368599945;-0.1762944340278153;0.351729000181701;0.35692400993766077;MSFT
2026-04-26;2026-09-18;0.3972602739726027;370.0;429.40411368599945;-0.14889545983970084;0.3481309665194414;0.35199145759518147;MSFT
2026-04-26;2026-09-18;0.3972602739726027;380.0;429.40411368599945;-0.1222272127575395;0.3441385178257152;0.34749143258807336;MSFT
2026-04-26;2026-09-18;0.3972602739726027;390.0;429.40411368599945;-0.09625172635427882;0.3404119989267588;0.3434481461526844;MSFT
2026-04-26;2026-09-18;0.3972602739726027;400.0;429.40411368599945;-0.07093391836998893;0.3364421068612785;0.33988284297152704;MSFT
2026-04-26;2026-09-18;0.3972602739726027;410.0;429.40411368599945;-0.04624130577961752;0.3355746173094249;0.3368119468044872;MSFT
2026-04-26;2026-09-18;0.3972602739726027;420.0;429.40411368599945;-0.022143754200556993;0.332607889841333;0.3342453084712083;MSFT
2026-04-26;2026-09-18;0.3972602739726027;430.0;429.40411368599945;0.0013867432096371448;0.3322934940294734;0.3321848116506106;MSFT
2026-04-26;2026-09-18;0.3972602739726027;440.0;429.40411368599945;0.024376261434335904;0.3304271053367704;0.3306235749306543;MSFT
2026-04-26;2026-09-18;0.3972602739726027;450.0;429.40411368599945;0.046849117286394515;0.3288553125419504;0.32954590467286227;MSFT
2026-04-26;2026-09-18;0.3972602739726027;460.0;429.40411368599945;0.06882802400516978;0.3274927878877929;0.3289280197936772;MSFT
2026-04-26;2026-09-18;0.3972602739726027;470.0;429.40411368599945;0.09033422922613338;0.3265470113759748;0.3287394267065837;MSFT
2026-04-26;2026-09-18;0.3972602739726027;480.0;429.40411368599945;0.11138763842396575;0.32604163859516;0.32894471577232876;MSFT
2026-04-26;2026-09-18;0.3972602739726027;490.0;429.40411368599945;0.13200692562670124;0.32495865966909;0.3295055087479513;MSFT
2026-04-26;2026-09-18;0.3972602739726027;500.0;429.40411368599945;0.1522096329442207;0.3252356163209378;0.3303823114423827;MSFT
2026-04-26;2026-09-18;0.3972602739726027;510.0;429.40411368599945;0.17201226024040045;0.3250132910403907;0.33153609558121155;MSFT
2026-04-26;2026-09-18;0.3972602739726027;520.0;429.40411368599945;0.19143034609750204;0.326196256738074;0.3329295186644295;MSFT
2026-04-26;2026-09-18;0.3972602739726027;530.0;429.40411368599945;0.21047854106819655;0.3266329351795241;0.33452776552685665;MSFT
2026-04-26;2026-09-18;0.3972602739726027;540.0;429.40411368599945;0.2291706740803491;0.3284513980221226;0.33629904740048994;MSFT
2026-04-26;2026-09-18;0.3972602739726027;550.0;429.40411368599945;0.24751981274854565;0.329862947486803;0.33821482169701594;MSFT
2026-04-26;2026-09-18;0.3972602739726027;560.0;429.40411368599945;0.265538318251224;0.3301829126065447;0.34024980338298305;MSFT
2026-04-26;2026-09-18;0.3972602739726027;570.0;429.40411368599945;0.28323789535062494;0.3330293318485096;0.3423818338239927;MSFT
2026-04-26;2026-09-18;0.3972602739726027;580.0;429.40411368599945;0.3006296380624941;0.3339160997738019;0.34459166173671857;MSFT
2026-04-26;2026-09-18;0.3972602739726027;590.0;429.40411368599945;0.31772407142179426;0.3381173695734441;0.34686267793911346;MSFT
2026-04-26;2026-09-18;0.3972602739726027;600.0;429.40411368599945;0.33453118973817536;0.3419359031243697;0.3491806335490069;MSFT
2026-04-26;2026-09-18;0.3972602739726027;610.0;429.40411368599945;0.3510604916893859;0.3453584756486639;0.3515333613203913;MSFT
2026-04-26;2026-09-18;0.3972602739726027;620.0;429.40411368599945;0.3673210125611662;0.34802395757702;0.35391051218973857;MSFT
2026-04-26;2026-09-18;0.3972602739726027;630.0;429.40411368599945;0.3833213539076074;0.3515107540932148;0.35630331362443984;MSFT
2026-04-26;2026-09-18;0.3972602739726027;640.0;429.40411368599945;0.39906971087574655;0.3570104735666961;0.35870435262825273;MSFT
2026-04-26;2026-09-18;0.3972602739726027;650.0;429.40411368599945;0.41457389741171186;0.3595072371311784;0.3611073838446803;MSFT
2026-04-26;2026-09-18;0.3972602739726027;660.0;429.40411368599945;0.4298413695425003;0.3623320496937335;0.36350716173776826;MSFT
2026-04-26;2026-09-18;0.3972602739726027;670.0;429.40411368599945;0.44487924690704084;0.3660086124597788;0.3658992950244384;MSFT
2026-04-26;2026-09-18;0.3972602739726027;680.0;429.40411368599945;0.45969433269218146;0.3721990751222521;0.3682801211607045;MSFT
2026-04-26;2026-09-18;0.3972602739726027;700.0;429.40411368599945;0.4886818695654338;0.3769837625188529;0.3729962145006548;MSFT
2026-04-26;2026-09-18;0.3972602739726027;720.0;429.40411368599945;0.51685274653213;0.3855723430784344;0.37763699336656475;MSFT
2026-04-26;2026-09-18;0.3972602739726027;740.0;429.40411368599945;0.5442517207202444;0.3947022827159165;0.38219021397771125;MSFT
2026-04-26;2026-09-18;0.3972602739726027;760.0;429.40411368599945;0.5709199678024058;0.3820458349756003;0.38664811907061847;MSFT
2026-04-26;2026-09-18;0.3972602739726027;780.0;429.40411368599945;0.5968954542056665;0.4013379174800217;0.39100619060314956;MSFT
2026-04-26;2026-09-18;0.3972602739726027;800.0;429.40411368599945;0.6222132621899564;0.4035467161620258;0.3952622434237563;MSFT
2026-04-26;2026-10-16;0.473972602739726;210.0;430.2956456917453;-0.7173649898375524;0.4468324946104288;0.44848768560943536;MSFT
2026-04-26;2026-10-16;0.473972602739726;220.0;430.2956456917453;-0.6708449742026594;0.4377880876210928;0.4401363632564691;MSFT
2026-04-26;2026-10-16;0.473972602739726;230.0;430.2956456917453;-0.6263932116318257;0.4389041843712926;0.43208360176422733;MSFT
2026-04-26;2026-10-16;0.473972602739726;240.0;430.2956456917453;-0.5838335972130297;0.4305899341344238;0.4243146778069333;MSFT
2026-04-26;2026-10-16;0.473972602739726;250.0;430.2956456917453;-0.5430116026927746;0.4260322658832073;0.41681804251320487;MSFT
2026-04-26;2026-10-16;0.473972602739726;260.0;430.2956456917453;-0.5037908895394932;0.4137554996541738;0.4095850149118321;MSFT
2026-04-26;2026-10-16;0.473972602739726;270.0;430.2956456917453;-0.4660505615566463;0.4051226626546979;0.4026095427043531;MSFT
2026-04-26;2026-10-16;0.473972602739726;280.0;430.2956456917453;-0.42968291738577136;0.3959637402644902;0.3958880118580383;MSFT
2026-04-26;2026-10-16;0.473972602739726;290.0;430.2956456917453;-0.39459159757450135;0.3877184078843593;0.3894190887374993;MSFT
2026-04-26;2026-10-16;0.473972602739726;295.0;430.2956456917453;-0.3774971642152012;0.384112923642993;0.3862795271474912;MSFT
2026-04-26;2026-10-16;0.473972602739726;300.0;430.2956456917453;-0.36069004589882003;0.3805917799571157;0.3832035795053378;MSFT
2026-04-26;2026-10-16;0.473972602739726;305.0;430.2956456917453;-0.3441607439476094;0.3768341176374927;0.3801916582558336;MSFT
2026-04-26;2026-10-16;0.473972602739726;310.0;430.2956456917453;-0.3279002230758291;0.3745655280581563;0.3772442916689578;MSFT
2026-04-26;2026-10-16;0.473972602739726;315.0;430.2956456917453;-0.31189988172938793;0.3696778736582994;0.3743621185350233;MSFT
2026-04-26;2026-10-16;0.473972602739726;320.0;430.2956456917453;-0.29615152476124884;0.3676388364212438;0.37154588227435564;MSFT
2026-04-26;2026-10-16;0.473972602739726;325.0;430.2956456917453;-0.28064733822528354;0.3645825343658403;0.36879642433451054;MSFT
2026-04-26;2026-10-16;0.473972602739726;330.0;430.2956456917453;-0.2653798660944951;0.3619607500839457;0.36611467675092885;MSFT
2026-04-26;2026-10-16;0.473972602739726;335.0;430.2956456917453;-0.25034198872995456;0.3584171429020614;0.3635016537528851;MSFT
2026-04-26;2026-10-16;0.473972602739726;340.0;430.2956456917453;-0.235526902944814;0.3563890207633972;0.3609584423064202;MSFT
2026-04-26;2026-10-16;0.473972602739726;345.0;430.2956456917453;-0.22092810352366127;0.3533902930580414;0.35848619150043215;MSFT
2026-04-26;2026-10-16;0.473972602739726;350.0;430.2956456917453;-0.20653936607156162;0.3505721673902346;0.35608610070197355;MSFT
2026-04-26;2026-10-16;0.473972602739726;355.0;430.2956456917453;-0.1923547310796053;0.3488570813327432;0.3537594064326667;MSFT
2026-04-26;2026-10-16;0.473972602739726;360.0;430.2956456917453;-0.17836848910486539;0.3458569938967003;0.3515073679504043;MSFT
2026-04-26;2026-10-16;0.473972602739726;365.0;430.2956456917453;-0.16457516697252952;0.3441079518249295;0.3493312515592579;MSFT
2026-04-26;2026-10-16;0.473972602739726;370.0;430.2956456917453;-0.15096951491675087;0.3425582872500569;0.34723231371548063;MSFT
2026-04-26;2026-10-16;0.473972602739726;375.0;430.2956456917453;-0.13754649458461027;0.3400544456354231;0.3452117830478959;MSFT
2026-04-26;2026-10-16;0.473972602739726;380.0;430.2956456917453;-0.12430126783458958;0.3388026552132405;0.3432708414654911;MSFT
2026-04-26;2026-10-16;0.473972602739726;385.0;430.2956456917453;-0.11122918626723678;0.3363391026051268;0.34141060458175326;MSFT
2026-04-26;2026-10-16;0.473972602739726;390.0;430.2956456917453;-0.09832578143132899;0.3347508812833764;0.33963210174169445;MSFT
2026-04-26;2026-10-16;0.473972602739726;395.0;430.2956456917453;-0.0855867556538992;0.3329745142127312;0.3379362559905754;MSFT
2026-04-26;2026-10-16;0.473972602739726;400.0;430.2956456917453;-0.07300797344703905;0.3319556475198753;0.3363238643696353;MSFT
2026-04-26;2026-10-16;0.473972602739726;405.0;430.2956456917453;-0.06058545344848186;0.3304751056926661;0.3347955789600791;MSFT
2026-04-26;2026-10-16;0.473972602739726;410.0;430.2956456917453;-0.04831536085666759;0.3287805459806136;0.33335188911869135;MSFT
2026-04-26;2026-10-16;0.473972602739726;415.0;430.2956456917453;-0.03619400032432275;0.3293332671916522;0.3319931053536727;MSFT
2026-04-26;2026-10-16;0.473972602739726;420.0;430.2956456917453;-0.02421780927760703;0.3276293383763729;0.33071934527537666;MSFT
2026-04-26;2026-10-16;0.473972602739726;425.0;430.2956456917453;-0.01238335163060416;0.3274625012837237;0.3295305220223636;MSFT
2026-04-26;2026-10-16;0.473972602739726;430.0;430.2956456917453;-0.0006873118674129622;0.3283636860795877;0.3284263355087493;MSFT
2026-04-26;2026-10-16;0.473972602739726;435.0;430.2956456917453;0.010873510533663054;0.3288073308125026;0.3274062667658265;MSFT
2026-04-26;2026-10-16;0.473972602739726;440.0;430.2956456917453;0.022302206357285838;0.3253072256993781;0.3264695755624752;MSFT
2026-04-26;2026-10-16;0.473972602739726;445.0;430.2956456917453;0.033601761611219236;0.327435697825387;0.3256153013893247;MSFT
2026-04-26;2026-10-16;0.473972602739726;450.0;430.2956456917453;0.04477506220934449;0.3252992815194055;0.3248422677863463;MSFT
2026-04-26;2026-10-16;0.473972602739726;455.0;430.2956456917453;0.05582489839592928;0.3253809398664161;0.3241490898884282;MSFT
2026-04-26;2026-10-16;0.473972602739726;460.0;430.2956456917453;0.06675396892811958;0.3235792035739123;0.32353418496443004;MSFT
2026-04-26;2026-10-16;0.473972602739726;465.0;430.2956456917453;0.07756488503233523;0.3234005386869312;0.32299578563765907;MSFT
2026-04-26;2026-10-16;0.473972602739726;470.0;430.2956456917453;0.08826017414908323;0.32178087592135;0.3225319554041435;MSFT
2026-04-26;2026-10-16;0.473972602739726;475.0;430.2956456917453;0.0988422834796202;0.3223222536256983;0.3221406060126801;MSFT
2026-04-26;2026-10-16;0.473972602739726;480.0;430.2956456917453;0.10931358334691563;0.3200580226351396;0.32181951623911903;MSFT
2026-04-26;2026-10-16;0.473972602739726;485.0;430.2956456917453;0.11967637038246223;0.3212333701156861;0.3215663515768912;MSFT
2026-04-26;2026-10-16;0.473972602739726;490.0;430.2956456917453;0.12993287054965116;0.3205373556419759;0.3213786843751564;MSFT
2026-04-26;2026-10-16;0.473972602739726;495.0;430.2956456917453;0.1400852420136692;0.3203431190446615;0.3212540139827806;MSFT
2026-04-26;2026-10-16;0.473972602739726;500.0;430.2956456917453;0.15013557786717066;0.319956769265078;0.3211897864973908;MSFT
2026-04-26;2026-10-16;0.473972602739726;520.0;430.2956456917453;0.18935629102045207;0.3193583387512191;0.321485397304028;MSFT
2026-04-26;2026-10-16;0.473972602739726;540.0;430.2956456917453;0.227096619003299;0.3198000090806707;0.3225418131061144;MSFT
2026-04-26;2026-10-16;0.473972602739726;560.0;430.2956456917453;0.26346426317417393;0.3201769338776842;0.32420412986792346;MSFT
2026-04-26;2026-10-16;0.473972602739726;580.0;430.2956456917453;0.298555582985444;0.3240513095190152;0.3263356348958238;MSFT
2026-04-26;2026-10-16;0.473972602739726;600.0;430.2956456917453;0.33245713466112525;0.3279275850580185;0.32882109310208885;MSFT
2026-04-26;2026-10-16;0.473972602739726;620.0;430.2956456917453;0.36524695748411623;0.333376677846469;0.33156647474181045;MSFT
2026-04-26;2026-11-20;0.5698630136986301;200.0;431.3950987713858;-0.7687070061264064;0.4405510603770614;0.45121353265908265;MSFT
2026-04-26;2026-11-20;0.5698630136986301;210.0;431.3950987713858;-0.7199168419569745;0.4470309780378342;0.44285360446296623;MSFT
2026-04-26;2026-11-20;0.5698630136986301;215.0;431.3950987713858;-0.6963863445467804;0.4483044310187697;0.4387923506096411;MSFT
2026-04-26;2026-11-20;0.5698630136986301;220.0;431.3950987713858;-0.6733968263220816;0.4441012613214553;0.4348070489235566;MSFT
2026-04-26;2026-11-20;0.5698630136986301;225.0;431.3950987713858;-0.650923970470023;0.4339879942534566;0.4308956000851513;MSFT
2026-04-26;2026-11-20;0.5698630136986301;230.0;431.3950987713858;-0.6289450637512477;0.4311834472660721;0.42705611995264087;MSFT
2026-04-26;2026-11-20;0.5698630136986301;235.0;431.3950987713858;-0.6074388585302842;0.430122931836009;0.42328692650807753;MSFT
2026-04-26;2026-11-20;0.5698630136986301;240.0;431.3950987713858;-0.586385449332452;0.4257025032519401;0.4195865283223333;MSFT
2026-04-26;2026-11-20;0.5698630136986301;245.0;431.3950987713858;-0.5657661621297161;0.4166144358690381;0.41595361433811956;MSFT
2026-04-26;2026-11-20;0.5698630136986301;250.0;431.3950987713858;-0.5455634548121968;0.4128743196632118;0.4123870447928277;MSFT
2026-04-26;2026-11-20;0.5698630136986301;255.0;431.3950987713858;-0.5257608275160169;0.4116071251687259;0.40888584312125054;MSFT
2026-04-26;2026-11-20;0.5698630136986301;260.0;431.3950987713858;-0.5063427416589155;0.4051362227086723;0.40544918869283386;MSFT
2026-04-26;2026-11-20;0.5698630136986301;265.0;431.3950987713858;-0.48729454668822103;0.4005275924963653;0.4020764102495436;MSFT
2026-04-26;2026-11-20;0.5698630136986301;270.0;431.3950987713858;-0.46860241367606836;0.3986981773024798;0.3987669799192267;MSFT
2026-04-26;2026-11-20;0.5698630136986301;275.0;431.3950987713858;-0.4502532750078719;0.3907931128701567;0.3955205076858698;MSFT
2026-04-26;2026-11-20;0.5698630136986301;280.0;431.3950987713858;-0.43223476950519363;0.3897775244321078;0.3923367362028014;MSFT
2026-04-26;2026-11-20;0.5698630136986301;285.0;431.3950987713858;-0.4145351924057926;0.3842628292946219;0.3892155358379613;MSFT
2026-04-26;2026-11-20;0.5698630136986301;290.0;431.3950987713858;-0.3971434496939235;0.384533285316199;0.38615689984220886;MSFT
2026-04-26;2026-11-20;0.5698630136986301;295.0;431.3950987713858;-0.3800490163346233;0.3795001211063861;0.38316093953257246;MSFT
2026-04-26;2026-11-20;0.5698630136986301;300.0;431.3950987713858;-0.3632418980182421;0.3755598078399599;0.3802278793827093;MSFT
2026-04-26;2026-11-20;0.5698630136986301;305.0;431.3950987713858;-0.3467125960670316;0.3734835177073702;0.37735805191300015;MSFT
2026-04-26;2026-11-20;0.5698630136986301;310.0;431.3950987713858;-0.3304520751952512;0.371459716904588;0.3745518922730546;MSFT
2026-04-26;2026-11-20;0.5698630136986301;315.0;431.3950987713858;-0.31445173384881014;0.3667940897621139;0.3718099324103842;MSFT
2026-04-26;2026-11-20;0.5698630136986301;320.0;431.3950987713858;-0.2987033768806709;0.3640652406584547;0.3691327947210877;MSFT
2026-04-26;2026-11-20;0.5698630136986301;325.0;431.3950987713858;-0.28319919034470564;0.3609545866284668;0.3665211850821071;MSFT
2026-04-26;2026-11-20;0.5698630136986301;330.0;431.3950987713858;-0.2679317182139173;0.3578608454130515;0.36397588517049184;MSFT
2026-04-26;2026-11-20;0.5698630136986301;335.0;431.3950987713858;-0.25289384084937666;0.3554510673596411;0.3614977439837117;MSFT
2026-04-26;2026-11-20;0.5698630136986301;340.0;431.3950987713858;-0.2380787550642361;0.3532564620308354;0.3590876684869283;MSFT
2026-04-26;2026-11-20;0.5698630136986301;345.0;431.3950987713858;-0.22347995564308348;0.3515312431857586;0.3567466133287676;MSFT
2026-04-26;2026-11-20;0.5698630136986301;350.0;431.3950987713858;-0.20909121819098378;0.3495785954134464;0.35447556958693865;MSFT
2026-04-26;2026-11-20;0.5698630136986301;355.0;431.3950987713858;-0.1949065831990274;0.3468268171525858;0.352275552529287;MSFT
2026-04-26;2026-11-20;0.5698630136986301;360.0;431.3950987713858;-0.18092034122428743;0.3447314535374827;0.35014758840462196;MSFT
2026-04-26;2026-11-20;0.5698630136986301;365.0;431.3950987713858;-0.16712701909195166;0.3434561379117705;0.34809270031073014;MSFT
2026-04-26;2026-11-20;0.5698630136986301;370.0;431.3950987713858;-0.15352136703617308;0.3426326440295428;0.34611189322388286;MSFT
2026-04-26;2026-11-20;0.5698630136986301;375.0;431.3950987713858;-0.14009834670403232;0.3392397806894368;0.34420613831400215;MSFT
2026-04-26;2026-11-20;0.5698630136986301;380.0;431.3950987713858;-0.12685311995401172;0.3390004680885262;0.3423763567112162;MSFT
2026-04-26;2026-11-20;0.5698630136986301;385.0;431.3950987713858;-0.11378103838665889;0.33744340881389;0.3406234029311799;MSFT
2026-04-26;2026-11-20;0.5698630136986301;390.0;431.3950987713858;-0.10087763355075105;0.3351201412971336;0.33894804820626323;MSFT
2026-04-26;2026-11-20;0.5698630136986301;395.0;431.3950987713858;-0.08813860777332133;0.3344958479605502;0.3373509640052599;MSFT
2026-04-26;2026-11-20;0.5698630136986301;400.0;431.3950987713858;-0.07555982556646114;0.3337239307121895;0.3358327060532167;MSFT
2026-04-26;2026-11-20;0.5698630136986301;405.0;431.3950987713858;-0.06313730556790403;0.331967419434864;0.3343936991829394;MSFT
2026-04-26;2026-11-20;0.5698630136986301;410.0;431.3950987713858;-0.05086721297608973;0.3309343035094663;0.33303422335848015;MSFT
2026-04-26;2026-11-20;0.5698630136986301;415.0;431.3950987713858;-0.03874585244374485;0.3309956776548585;0.33175440120670713;MSFT
2026-04-26;2026-11-20;0.5698630136986301;420.0;431.3950987713858;-0.0267696613970292;0.3298917067221552;0.33055418737473585;MSFT
2026-04-26;2026-11-20;0.5698630136986301;425.0;431.3950987713858;-0.01493520375002629;0.3292646473580784;0.32943335999826606;MSFT
2026-04-26;2026-11-20;0.5698630136986301;430.0;431.3950987713858;-0.0032391639868350557;0.3281148367374205;0.32839151451929316;MSFT
2026-04-26;2026-11-20;0.5698630136986301;435.0;431.3950987713858;0.008321658414240887;0.3316337545627896;0.3274280600328521;MSFT
2026-04-26;2026-11-20;0.5698630136986301;440.0;431.3950987713858;0.01975035423786371;0.3300327275581993;0.3265422182738817;MSFT
2026-04-26;2026-11-20;0.5698630136986301;445.0;431.3950987713858;0.031049909491797142;0.3295207237619794;0.3257330252802572;MSFT
2026-04-26;2026-11-20;0.5698630136986301;450.0;431.3950987713858;0.04222321008992222;0.3261722658733501;0.32499933569032713;MSFT
2026-04-26;2026-11-20;0.5698630136986301;455.0;431.3950987713858;0.05327304627650726;0.3280622729018219;0.32433982955696744;MSFT
2026-04-26;2026-11-20;0.5698630136986301;460.0;431.3950987713858;0.0642021168086976;0.3271373766379505;0.3237530214892043;MSFT
2026-04-26;2026-11-20;0.5698630136986301;465.0;431.3950987713858;0.07501303291291307;0.3265615213787853;0.3232372718704169;MSFT
2026-04-26;2026-11-20;0.5698630136986301;470.0;431.3950987713858;0.0857083220296611;0.3247447721693813;0.3227907998519166;MSFT
2026-04-26;2026-11-20;0.5698630136986301;475.0;431.3950987713858;0.0962904313601981;0.3249223194694967;0.3224116977843093;MSFT
2026-04-26;2026-11-20;0.5698630136986301;480.0;431.3950987713858;0.10676173122749337;0.3240853586655333;0.3220979467275132;MSFT
2026-04-26;2026-11-20;0.5698630136986301;485.0;431.3950987713858;0.11712451826304002;0.3234668860938773;0.3218474326736578;MSFT
2026-04-26;2026-11-20;0.5698630136986301;490.0;431.3950987713858;0.12738101843022917;0.3226688918186425;0.3216579631244319;MSFT
2026-04-26;2026-11-20;0.5698630136986301;495.0;431.3950987713858;0.13753338989424704;0.3227839660129472;0.32152728368415484;MSFT
2026-04-26;2026-11-20;0.5698630136986301;500.0;431.3950987713858;0.14758372574774856;0.3218958011040724;0.3214530943597045;MSFT
2026-04-26;2026-11-20;0.5698630136986301;505.0;431.3950987713858;0.15753405660091668;0.3224455793363637;0.3214330652959418;MSFT
2026-04-26;2026-11-20;0.5698630136986301;510.0;431.3950987713858;0.16738635304392838;0.3213199272184595;0.3214648517177907;MSFT
2026-04-26;2026-11-20;0.5698630136986301;515.0;431.3950987713858;0.17714252798929295;0.3210218295483962;0.3215461078951436;MSFT
2026-04-26;2026-11-20;0.5698630136986301;520.0;431.3950987713858;0.18680443890102988;0.3204226539766267;0.3216744999919724;MSFT
2026-04-26;2026-11-20;0.5698630136986301;525.0;431.3950987713858;0.19637388991718066;0.3210169121661856;0.3218477177045183;MSFT
2026-04-26;2026-11-20;0.5698630136986301;530.0;431.3950987713858;0.20585263387172428;0.3203652658910564;0.3220634846336832;MSFT
2026-04-26;2026-11-20;0.5698630136986301;535.0;431.3950987713858;0.2152423742215634;0.3204933413459025;0.3223195673726813;MSFT
2026-04-26;2026-11-20;0.5698630136986301;540.0;431.3950987713858;0.22454476688387695;0.3204083488647417;0.3226137833219594;MSFT
2026-04-26;2026-11-20;0.5698630136986301;545.0;431.3950987713858;0.23376142198880084;0.3209563389580473;0.3229440072690519;MSFT
2026-04-26;2026-11-20;0.5698630136986301;550.0;431.3950987713858;0.2428939055520734;0.3204848849386163;0.3233081767914182;MSFT
2026-04-26;2026-11-20;0.5698630136986301;555.0;431.3950987713858;0.25194374107199136;0.3207128540328368;0.32370429655564953;MSFT
2026-04-26;2026-11-20;0.5698630136986301;560.0;431.3950987713858;0.26091241105475166;0.318313506790176;0.3241304415971639;MSFT
2026-04-26;2026-11-20;0.5698630136986301;565.0;431.3950987713858;0.26980135847199777;0.321421180588521;0.3245847596711458;MSFT
2026-04-26;2026-11-20;0.5698630136986301;570.0;431.3950987713858;0.27861198815415267;0.3216364650718122;0.32506547276863096;MSFT
2026-04-26;2026-11-20;0.5698630136986301;575.0;431.3950987713858;0.28734566812290735;0.3210863143105655;0.3255708778918844;MSFT
2026-04-26;2026-11-20;0.5698630136986301;580.0;431.3950987713858;0.29600373086602183;0.3218597216747477;0.32609934718114986;MSFT
2026-04-26;2026-11-20;0.5698630136986301;585.0;431.3950987713858;0.30458747455741336;0.323015362373557;0.3266493274810086;MSFT
2026-04-26;2026-11-20;0.5698630136986301;590.0;431.3950987713858;0.31309816422532205;0.3234631608043239;0.32721933942945314;MSFT
2026-04-26;2026-11-20;0.5698630136986301;595.0;431.3950987713858;0.32153703287118657;0.3243422173802405;0.3278079761467803;MSFT
2026-04-26;2026-11-20;0.5698630136986301;600.0;431.3950987713858;0.3299052825417032;0.3240634912158549;0.32841390159488704;MSFT
2026-04-26;2026-11-20;0.5698630136986301;605.0;431.3950987713858;0.33820408535639834;0.326394442142315;0.3290358486708023;MSFT
2026-04-26;2026-11-20;0.5698630136986301;610.0;431.3950987713858;0.3464345844929137;0.3258450364389792;0.32967261709153756;MSFT
2026-04-26;2026-11-20;0.5698630136986301;615.0;431.3950987713858;0.3545978951320747;0.3272049161375537;0.330323071120756;MSFT
2026-04-26;2026-11-20;0.5698630136986301;620.0;431.3950987713858;0.3626951053646941;0.327340404918611;0.3309861371814834;MSFT
2026-04-26;2026-11-20;0.5698630136986301;625.0;431.3950987713858;0.37072727706195824;0.3296397653896584;0.3316608013931887;MSFT
2026-04-26;2026-11-20;0.5698630136986301;630.0;431.3950987713858;0.3786954467111352;0.330728145985581;0.33234610706611456;MSFT
2026-04-26;2026-11-20;0.5698630136986301;635.0;431.3950987713858;0.3866006262182485;0.332097897701472;0.3330411521807593;MSFT
2026-04-26;2026-11-20;0.5698630136986301;640.0;431.3950987713858;0.39444380367927445;0.3315627971100211;0.33374508687591947;MSFT
2026-04-26;2026-11-20;0.5698630136986301;645.0;431.3950987713858;0.4022259441213293;0.3337989021644517;0.33445711096467834;MSFT
2026-04-26;2026-11-20;0.5698630136986301;650.0;431.3950987713858;0.40994799021523964;0.3331067433654293;0.3351764714941674;MSFT
2026-04-26;2026-11-20;0.5698630136986301;655.0;431.3950987713858;0.4176108629608088;0.3375537705169097;0.33590246036179544;MSFT
2026-04-26;2026-11-20;0.5698630136986301;660.0;431.3950987713858;0.42521546234602803;0.3371246171603576;0.3366344119979135;MSFT
2026-04-26;2026-11-20;0.5698630136986301;665.0;431.3950987713858;0.432762667981411;0.3399630642826781;0.337371701122528;MSFT
2026-04-26;2026-11-20;0.5698630136986301;670.0;431.3950987713858;0.4402533397105686;0.3410650421854704;0.33811374058164984;MSFT
2026-04-26;2026-11-20;0.5698630136986301;675.0;431.3950987713858;0.4476883181980866;0.3438013418682365;0.33885997926714845;MSFT
2026-04-26;2026-11-20;0.5698630136986301;680.0;431.3950987713858;0.4550684254957092;0.3439751638787984;0.3396099001225285;MSFT
2026-04-26;2026-11-20;0.5698630136986301;700.0;431.3950987713858;0.48405596236896153;0.3491814795470536;0.34263715156212354;MSFT
2026-04-26;2026-12-18;0.6465753424657534;175.0;432.262603275146;-0.9042473075893602;0.4809793927264214;0.4642555767808301;MSFT
2026-04-26;2026-12-18;0.6465753424657534;180.0;432.262603275146;-0.8760764306226639;0.4737892858651876;0.4597141871899176;MSFT
2026-04-26;2026-12-18;0.6465753424657534;185.0;432.262603275146;-0.8486774564345495;0.4654145369259715;0.4552688981765898;MSFT
2026-04-26;2026-12-18;0.6465753424657534;190.0;432.262603275146;-0.8220092093523882;0.4533007893677949;0.45091565609907464;MSFT
2026-04-26;2026-12-18;0.6465753424657534;195.0;432.262603275146;-0.7960337229491276;0.4454890061858892;0.4466507714074186;MSFT
2026-04-26;2026-12-18;0.6465753424657534;200.0;432.262603275146;-0.7707159149648376;0.4343381714714766;0.4424708867189302;MSFT
2026-04-26;2026-12-18;0.6465753424657534;205.0;432.262603275146;-0.7460233023744661;0.4456868935669661;0.43837294895797313;MSFT
2026-04-26;2026-12-18;0.6465753424657534;210.0;432.262603275146;-0.7219257507954057;0.4253772109681368;0.4343541849851671;MSFT
2026-04-26;2026-12-18;0.6465753424657534;215.0;432.262603275146;-0.6983952533852115;0.4332894279564022;0.4304120802327634;MSFT
2026-04-26;2026-12-18;0.6465753424657534;220.0;432.262603275146;-0.6754057351605128;0.4234747800990046;0.4265443599376095;MSFT
2026-04-26;2026-12-18;0.6465753424657534;225.0;432.262603275146;-0.6529328793084542;0.4216036416621208;0.4227489726240618;MSFT
2026-04-26;2026-12-18;0.6465753424657534;230.0;432.262603275146;-0.630953972589679;0.419140331197828;0.41902407553908155;MSFT
2026-04-26;2026-12-18;0.6465753424657534;235.0;432.262603275146;-0.6094477673687154;0.4137573622989505;0.41536802178259424;MSFT
2026-04-26;2026-12-18;0.6465753424657534;240.0;432.262603275146;-0.588394358170883;0.4135161125474721;0.41177934890965656;MSFT
2026-04-26;2026-12-18;0.6465753424657534;245.0;432.262603275146;-0.5677750709681474;0.4043264937713444;0.40825676880832873;MSFT
2026-04-26;2026-12-18;0.6465753424657534;250.0;432.262603275146;-0.547572363650628;0.4031247898672074;0.4047991586794393;MSFT
2026-04-26;2026-12-18;0.6465753424657534;255.0;432.262603275146;-0.5277697363544482;0.3992766402643322;0.4014055529624795;MSFT
2026-04-26;2026-12-18;0.6465753424657534;260.0;432.262603275146;-0.5083516504973467;0.3935243089062349;0.3980751360663559;MSFT
2026-04-26;2026-12-18;0.6465753424657534;265.0;432.262603275146;-0.48930345552665216;0.3899666573827341;0.3948072357752181;MSFT
2026-04-26;2026-12-18;0.6465753424657534;270.0;432.262603275146;-0.4706113225144996;0.3910086953766122;0.3916013172085354;MSFT
2026-04-26;2026-12-18;0.6465753424657534;275.0;432.262603275146;-0.45226218384630307;0.3840420313827917;0.3884569772214234;MSFT
2026-04-26;2026-12-18;0.6465753424657534;280.0;432.262603275146;-0.43424367834362476;0.3805385455693976;0.38537393913627516;MSFT
2026-04-26;2026-12-18;0.6465753424657534;285.0;432.262603275146;-0.41654410124422386;0.3775486654267311;0.3823520477003643;MSFT
2026-04-26;2026-12-18;0.6465753424657534;290.0;432.262603275146;-0.39915235853235465;0.3721760155799165;0.37939126416656965;MSFT
2026-04-26;2026-12-18;0.6465753424657534;295.0;432.262603275146;-0.38205792517305454;0.372572833423145;0.37649166139603923;MSFT
2026-04-26;2026-12-18;0.6465753424657534;300.0;432.262603275146;-0.36525080685667327;0.3665541438619792;0.37365341888278714;MSFT
2026-04-26;2026-12-18;0.6465753424657534;305.0;432.262603275146;-0.3487215049054627;0.3651699007697253;0.370876817601241;MSFT
2026-04-26;2026-12-18;0.6465753424657534;310.0;432.262603275146;-0.3324609840336824;0.3620621524655895;0.368162234578998;MSFT
2026-04-26;2026-12-18;0.6465753424657534;315.0;432.262603275146;-0.3164606426872413;0.3590895017871076;0.3655101370988934;MSFT
2026-04-26;2026-12-18;0.6465753424657534;320.0;432.262603275146;-0.30071228571910213;0.3565755460113361;0.36292107643736893;MSFT
2026-04-26;2026-12-18;0.6465753424657534;325.0;432.262603275146;-0.28520809918313683;0.3537060858534835;0.3603956810504897;MSFT
2026-04-26;2026-12-18;0.6465753424657534;330.0;432.262603275146;-0.26994062705234845;0.3518550081008449;0.35793464912526485;MSFT
2026-04-26;2026-12-18;0.6465753424657534;335.0;432.262603275146;-0.2549027496878079;0.3492437850148343;0.3555387404226482;MSFT
2026-04-26;2026-12-18;0.6465753424657534;340.0;432.262603275146;-0.24008766390266725;0.3468684286368973;0.353208767350168;MSFT
2026-04-26;2026-12-18;0.6465753424657534;345.0;432.262603275146;-0.2254888644815146;0.3449624773691371;0.3509455852169565;MSFT
2026-04-26;2026-12-18;0.6465753424657534;350.0;432.262603275146;-0.21110012702941497;0.3428859450927264;0.3487500816423275;MSFT
2026-04-26;2026-12-18;0.6465753424657534;355.0;432.262603275146;-0.19691549203745853;0.3409048919875695;0.34662316511115476;MSFT
2026-04-26;2026-12-18;0.6465753424657534;360.0;432.262603275146;-0.18292925006271865;0.3392436177376769;0.344565752695146;MSFT
2026-04-26;2026-12-18;0.6465753424657534;365.0;432.262603275146;-0.16913592793038282;0.3376020130166263;0.3425787569884518;MSFT
2026-04-26;2026-12-18;0.6465753424657534;370.0;432.262603275146;-0.1555302758746042;0.3352488966173231;0.3406630723384202;MSFT
2026-04-26;2026-12-18;0.6465753424657534;375.0;432.262603275146;-0.1421072555424635;0.3343086149075962;0.3388195604869075;MSFT
2026-04-26;2026-12-18;0.6465753424657534;380.0;432.262603275146;-0.12886202879244288;0.3328531442790813;0.3370490357732846;MSFT
2026-04-26;2026-12-18;0.6465753424657534;385.0;432.262603275146;-0.11578994722509009;0.3320008352821581;0.3353522500857163;MSFT
2026-04-26;2026-12-18;0.6465753424657534;390.0;432.262603275146;-0.10288654238918221;0.3293717680591865;0.3337298777807485;MSFT
2026-04-26;2026-12-18;0.6465753424657534;395.0;432.262603275146;-0.09014751661175245;0.3283869877657442;0.332182500820815;MSFT
2026-04-26;2026-12-18;0.6465753424657534;400.0;432.262603275146;-0.07756873440489233;0.3283238161681424;0.33071059440297396;MSFT
2026-04-26;2026-12-18;0.6465753424657534;405.0;432.262603275146;-0.06514621440633517;0.3261527267296425;0.3293145133680323;MSFT
2026-04-26;2026-12-18;0.6465753424657534;410.0;432.262603275146;-0.052876121814520824;0.3258825687312297;0.3279944796854562;MSFT
2026-04-26;2026-12-18;0.6465753424657534;415.0;432.262603275146;-0.04075476128217601;0.324348084711287;0.32675057130466867;MSFT
2026-04-26;2026-12-18;0.6465753424657534;420.0;432.262603275146;-0.028778570235460318;0.3238798158144243;0.325582712646656;MSFT
2026-04-26;2026-12-18;0.6465753424657534;425.0;432.262603275146;-0.016944112588457478;0.3242566288527511;0.3244906669810042;MSFT
2026-04-26;2026-12-18;0.6465753424657534;430.0;432.262603275146;-0.005248072825266199;0.3230386174935941;0.3234740308931442;MSFT
2026-04-26;2026-12-18;0.6465753424657534;435.0;432.262603275146;0.006312749575809788;0.3239704334828108;0.32253223099602185;MSFT
2026-04-26;2026-12-18;0.6465753424657534;440.0;432.262603275146;0.017741445399432433;0.3254507890455425;0.3216645229817243;MSFT
2026-04-26;2026-12-18;0.6465753424657534;445.0;432.262603275146;0.02904100065336591;0.3218803877185453;0.32086999304448593;MSFT
2026-04-26;2026-12-18;0.6465753424657534;450.0;432.262603275146;0.04021430125149103;0.3225091141496971;0.32014756164011665;MSFT
2026-04-26;2026-12-18;0.6465753424657534;455.0;432.262603275146;0.05126413743807612;0.3216210609995089;0.31949598948158686;MSFT
2026-04-26;2026-12-18;0.6465753424657534;460.0;432.262603275146;0.062193207970266284;0.3214448548036328;0.31891388560954803;MSFT
2026-04-26;2026-12-18;0.6465753424657534;465.0;432.262603275146;0.07300412407448201;0.320321810388416;0.3183997173229459;MSFT
2026-04-26;2026-12-18;0.6465753424657534;470.0;432.262603275146;0.08369941319122987;0.3199388133694306;0.3179518217110171;MSFT
2026-04-26;2026-12-18;0.6465753424657534;475.0;432.262603275146;0.09428152252176691;0.3188074429320618;0.3175684184955917;MSFT
2026-04-26;2026-12-18;0.6465753424657534;480.0;432.262603275146;0.10475282238906222;0.3194136406746394;0.31724762387267913;MSFT
2026-04-26;2026-12-18;0.6465753424657534;485.0;432.262603275146;0.1151156094246089;0.3179473294535241;0.3169874650349195;MSFT
2026-04-26;2026-12-18;0.6465753424657534;490.0;432.262603275146;0.1253721095917979;0.3184798968480788;0.3167858950610094;MSFT
2026-04-26;2026-12-18;0.6465753424657534;495.0;432.262603275146;0.13552448105581602;0.3171136469043679;0.31664080787337967;MSFT
2026-04-26;2026-12-18;0.6465753424657534;500.0;432.262603275146;0.14557481690931737;0.3182500278561859;0.31655005298948047;MSFT
2026-04-26;2026-12-18;0.6465753424657534;505.0;432.262603275146;0.15552514776248555;0.3162367137434967;0.3165114498229604;MSFT
2026-04-26;2026-12-18;0.6465753424657534;510.0;432.262603275146;0.16537744420549708;0.3168292955527567;0.3165228013266545;MSFT
2026-04-26;2026-12-18;0.6465753424657534;515.0;432.262603275146;0.17513361915086187;0.3161029572220817;0.31658190680749415;MSFT
2026-04-26;2026-12-18;0.6465753424657534;520.0;432.262603275146;0.18479553006259866;0.3166402557343691;0.3166865737822796;MSFT
2026-04-26;2026-12-18;0.6465753424657534;525.0;432.262603275146;0.19436498107874947;0.3126587221390344;0.31683462878103336;MSFT
2026-04-26;2026-12-18;0.6465753424657534;530.0;432.262603275146;0.20384372503329315;0.3159270490493699;0.31702392704002924;MSFT
2026-04-26;2026-12-18;0.6465753424657534;535.0;432.262603275146;0.21323346538313226;0.315099662239559;0.317252361058578;MSFT
2026-04-26;2026-12-18;0.6465753424657534;540.0;432.262603275146;0.2225358580454457;0.3154996838318035;0.3175178680215789;MSFT
2026-04-26;2026-12-18;0.6465753424657534;545.0;432.262603275146;0.2317525131503698;0.3147346024897732;0.3178184361133814;MSFT
2026-04-26;2026-12-18;0.6465753424657534;550.0;432.262603275146;0.24088499671364225;0.3142758517077192;0.31815210976756425;MSFT
2026-04-26;2026-12-18;0.6465753424657534;555.0;432.262603275146;0.24993483223356022;0.3155091646937168;0.3185169939119656;MSFT
2026-04-26;2026-12-18;0.6465753424657534;560.0;432.262603275146;0.2589035022163205;0.3155818637193515;0.3189112572789907;MSFT
2026-04-26;2026-12-18;0.6465753424657534;565.0;432.262603275146;0.2677924496335667;0.3149712142557576;0.3193331348582894;MSFT
2026-04-26;2026-12-18;0.6465753424657534;570.0;432.262603275146;0.2766030793157215;0.3156852777573541;0.3197809295728018;MSFT
2026-04-26;2026-12-18;0.6465753424657534;575.0;432.262603275146;0.28533675928447616;0.316057285172157;0.3202530132604242;MSFT
2026-04-26;2026-12-18;0.6465753424657534;580.0;432.262603275146;0.29399482202759064;0.3163855576876029;0.3207478270426231;MSFT
2026-04-26;2026-12-18;0.6465753424657534;585.0;432.262603275146;0.30257856571898223;0.3147327212185486;0.32126388115870824;MSFT
2026-04-26;2026-12-18;0.6465753424657534;590.0;432.262603275146;0.31108925538689075;0.3173075668520704;0.3217997543405734;MSFT
2026-04-26;2026-12-18;0.6465753424657534;595.0;432.262603275146;0.3195281240327553;0.3169174917829335;0.32235409279791166;MSFT
2026-04-26;2026-12-18;0.6465753424657534;600.0;432.262603275146;0.327896373703272;0.3179433247672543;0.32292560887852023;MSFT
2026-04-26;2026-12-18;0.6465753424657534;605.0;432.262603275146;0.33619517651796704;0.3175750426420047;0.3235130794626079;MSFT
2026-04-26;2026-12-18;0.6465753424657534;610.0;432.262603275146;0.34442567565448257;0.3187718291639312;0.32411534414420606;MSFT
2026-04-26;2026-12-18;0.6465753424657534;615.0;432.262603275146;0.35258898629364344;0.3197195055734217;0.32473130324704436;MSFT
2026-04-26;2026-12-18;0.6465753424657534;620.0;432.262603275146;0.3606861965262629;0.3208212599588409;0.3253599157167033;MSFT
2026-04-26;2026-12-18;0.6465753424657534;625.0;432.262603275146;0.36871836822352705;0.3208241656846925;0.32600019692559273;MSFT
2026-04-26;2026-12-18;0.6465753424657534;630.0;432.262603275146;0.376686537872704;0.3218454165628627;0.32665121642238987;MSFT
2026-04-26;2026-12-18;0.6465753424657534;635.0;432.262603275146;0.38459171737981723;0.3217076926080733;0.3273120956530403;MSFT
2026-04-26;2026-12-18;0.6465753424657534;640.0;432.262603275146;0.3924348948408432;0.3241267838853671;0.32798200567629526;MSFT
2026-04-26;2026-12-18;0.6465753424657534;645.0;432.262603275146;0.4002170352828981;0.3229562606547922;0.32866016489303795;MSFT
2026-04-26;2026-12-18;0.6465753424657534;650.0;432.262603275146;0.40793908137680845;0.3229410614734144;0.3293458368053244;MSFT
2026-04-26;2026-12-18;0.6465753424657534;655.0;432.262603275146;0.4156019541223775;0.3263912383932992;0.3300383278181183;MSFT
2026-04-26;2026-12-18;0.6465753424657534;660.0;432.262603275146;0.4232065535075969;0.3275926070213765;0.33073698509411353;MSFT
2026-04-26;2026-12-18;0.6465753424657534;665.0;432.262603275146;0.43075375914297975;0.3301845889868438;0.33144119446978154;MSFT
2026-04-26;2026-12-18;0.6465753424657534;670.0;432.262603275146;0.4382444308721374;0.3303641851962133;0.3321503784388296;MSFT
2026-04-26;2026-12-18;0.6465753424657534;675.0;432.262603275146;0.44567940935965544;0.3307736690239236;0.33286399420758345;MSFT
2026-04-26;2026-12-18;0.6465753424657534;680.0;432.262603275146;0.45305951665727806;0.3327083236476928;0.33358153182538053;MSFT
2026-04-26;2026-12-18;0.6465753424657534;685.0;432.262603275146;0.4603855567493509;0.3331054395140856;0.3343025123918557;MSFT
2026-04-26;2026-12-18;0.6465753424657534;690.0;432.262603275146;0.4676583160784307;0.3354204834541529;0.3350264863419957;MSFT
2026-04-26;2026-12-18;0.6465753424657534;695.0;432.262603275146;0.47487856405191775;0.3362777470861822;0.3357530318089984;MSFT
2026-04-26;2026-12-18;0.6465753424657534;700.0;432.262603275146;0.48204705353053035;0.3387945154555662;0.33648175306429223;MSFT
2026-04-26;2026-12-18;0.6465753424657534;720.0;432.262603275146;0.5102179304972266;0.3442161156071125;0.3394113151943688;MSFT
2026-04-26;2026-12-18;0.6465753424657534;740.0;432.262603275146;0.5376169046853411;0.3480113660983294;0.34234988130231486;MSFT
2026-04-26;2026-12-18;0.6465753424657534;760.0;432.262603275146;0.5642851517675025;0.354309340617314;0.34528184057450595;MSFT
2026-04-26;2026-12-18;0.6465753424657534;780.0;432.262603275146;0.5902606381707631;0.3595783156558573;0.3481952923387238;MSFT
2026-04-26;2026-12-18;0.6465753424657534;800.0;432.262603275146;0.615578446155053;0.3586198731595575;0.35108124210934105;MSFT
2026-04-26;2027-01-15;0.7232876712328767;175.0;433.1193119291799;-0.9062272633033778;0.4631471766921878;0.4521611191250105;MSFT
2026-04-26;2027-01-15;0.7232876712328767;180.0;433.1193119291799;-0.8780563863366815;0.4512393631405234;0.4478359146787587;MSFT
2026-04-26;2027-01-15;0.7232876712328767;185.0;433.1193119291799;-0.850657412148567;0.4458782244384289;0.4436041547462422;MSFT
2026-04-26;2027-01-15;0.7232876712328767;190.0;433.1193119291799;-0.8239891650664057;0.4404683589489758;0.43946195099472574;MSFT
2026-04-26;2027-01-15;0.7232876712328767;195.0;433.1193119291799;-0.798013678663145;0.4258775918609501;0.4354057649323777;MSFT
2026-04-26;2027-01-15;0.7232876712328767;200.0;433.1193119291799;-0.7726958706788553;0.4304082890157998;0.43143237700392184;MSFT
2026-04-26;2027-01-15;0.7232876712328767;210.0;433.1193119291799;-0.7239057065094231;0.4231967244867384;0.42372255330727726;MSFT
2026-04-26;2027-01-15;0.7232876712328767;220.0;433.1193119291799;-0.6773856908745303;0.416090064111501;0.4163121557886761;MSFT
2026-04-26;2027-01-15;0.7232876712328767;230.0;433.1193119291799;-0.6329339283036965;0.4091800245188921;0.40918454410421423;MSFT
2026-04-26;2027-01-15;0.7232876712328767;240.0;433.1193119291799;-0.5903743138849006;0.4033007725457102;0.40232626968727836;MSFT
2026-04-26;2027-01-15;0.7232876712328767;250.0;433.1193119291799;-0.5495523193646453;0.394825366282761;0.3957266881462508;MSFT
2026-04-26;2027-01-15;0.7232876712328767;260.0;433.1193119291799;-0.5103316062113642;0.3850117615064381;0.38937764955354875;MSFT
2026-04-26;2027-01-15;0.7232876712328767;270.0;433.1193119291799;-0.4725912782285171;0.3824732374460622;0.3832732459151956;MSFT
2026-04-26;2027-01-15;0.7232876712328767;280.0;433.1193119291799;-0.4362236340576422;0.3756745467582047;0.37740959896270154;MSFT
2026-04-26;2027-01-15;0.7232876712328767;290.0;433.1193119291799;-0.4011323142463721;0.3670777333087102;0.3717846739271823;MSFT
2026-04-26;2027-01-15;0.7232876712328767;300.0;433.1193119291799;-0.3672307625706908;0.3605770844115726;0.3663981065763867;MSFT
2026-04-26;2027-01-15;0.7232876712328767;310.0;433.1193119291799;-0.3344409397476999;0.3557003823630026;0.36125103186896024;MSFT
2026-04-26;2027-01-15;0.7232876712328767;320.0;433.1193119291799;-0.30269224143311957;0.3503677980053349;0.35634590342304884;MSFT
2026-04-26;2027-01-15;0.7232876712328767;330.0;433.1193119291799;-0.271920582766366;0.3466933959072306;0.35168629392218353;MSFT
2026-04-26;2027-01-15;0.7232876712328767;340.0;433.1193119291799;-0.2420676196166848;0.3426460923248307;0.3472766679136267;MSFT
2026-04-26;2027-01-15;0.7232876712328767;350.0;433.1193119291799;-0.21308008274343246;0.3373883117813951;0.3431221205132602;MSFT
2026-04-26;2027-01-15;0.7232876712328767;360.0;433.1193119291799;-0.18490920577673622;0.3334435840468481;0.3392280785923379;MSFT
2026-04-26;2027-01-15;0.7232876712328767;370.0;433.1193119291799;-0.15751023158862174;0.3322031185049079;0.33559996524390845;MSFT
2026-04-26;2027-01-15;0.7232876712328767;380.0;433.1193119291799;-0.1308419845064604;0.3276258366041927;0.3322428336573371;MSFT
2026-04-26;2027-01-15;0.7232876712328767;390.0;433.1193119291799;-0.10486649810319969;0.3257528168960846;0.32916098260796706;MSFT
2026-04-26;2027-01-15;0.7232876712328767;400.0;433.1193119291799;-0.0795486901189099;0.3234816382405088;0.3263575718739119;MSFT
2026-04-26;2027-01-15;0.7232876712328767;410.0;433.1193119291799;-0.05485607752853836;0.3210174337067231;0.32383426097645657;MSFT
2026-04-26;2027-01-15;0.7232876712328767;420.0;433.1193119291799;-0.030758525949477828;0.3205250249335541;0.32159089749900105;MSFT
2026-04-26;2027-01-15;0.7232876712328767;430.0;433.1193119291799;-0.007228028539283791;0.3190683435859344;0.3196252808023921;MSFT
2026-04-26;2027-01-15;0.7232876712328767;440.0;433.1193119291799;0.01576148968541509;0.3230665105991252;0.31793302264611417;MSFT
2026-04-26;2027-01-15;0.7232876712328767;450.0;433.1193119291799;0.0382343455374735;0.3201934834765252;0.31650751825795526;MSFT
2026-04-26;2027-01-15;0.7232876712328767;460.0;433.1193119291799;0.060213252256248774;0.3197360644854866;0.31534003086209134;MSFT
2026-04-26;2027-01-15;0.7232876712328767;470.0;433.1193119291799;0.08171945747721239;0.3179166330676041;0.31441988135479065;MSFT
2026-04-26;2027-01-15;0.7232876712328767;480.0;433.1193119291799;0.10277286667504476;0.3171072673460077;0.31373472472500125;MSFT
2026-04-26;2027-01-15;0.7232876712328767;490.0;433.1193119291799;0.12339215387778048;0.3156196940347663;0.3132708876668097;MSFT
2026-04-26;2027-01-15;0.7232876712328767;500.0;433.1193119291799;0.14359486119529996;0.3142619004983417;0.31301373859488957;MSFT
2026-04-26;2027-01-15;0.7232876712328767;505.0;433.1193119291799;0.15354519204846795;0.3142214066008963;0.3129579300988563;MSFT
2026-04-26;2027-01-15;0.7232876712328767;510.0;433.1193119291799;0.1633974884914797;0.3145237324746028;0.3129480620100213;MSFT
2026-04-26;2027-01-15;0.7232876712328767;515.0;433.1193119291799;0.1731536634368443;0.3140078916301429;0.312982199381849;MSFT
2026-04-26;2027-01-15;0.7232876712328767;520.0;433.1193119291799;0.18281557434858112;0.3128449121109136;0.3130584131300375;MSFT
2026-04-26;2027-01-15;0.7232876712328767;525.0;433.1193119291799;0.19238502536473193;0.3135019973087907;0.3131747888320701;MSFT
2026-04-26;2027-01-15;0.7232876712328767;530.0;433.1193119291799;0.20186376931927563;0.3125046441631057;0.3133294346890809;MSFT
2026-04-26;2027-01-15;0.7232876712328767;535.0;433.1193119291799;0.21125350966911474;0.313014450038489;0.31352048862372633;MSFT
2026-04-26;2027-01-15;0.7232876712328767;540.0;433.1193119291799;0.2205559023314282;0.3127083057429903;0.3137461245084194;MSFT
2026-04-26;2027-01-15;0.7232876712328767;545.0;433.1193119291799;0.2297725574363523;0.3131385021806173;0.31400455753606005;MSFT
2026-04-26;2027-01-15;0.7232876712328767;550.0;433.1193119291799;0.23890504099962476;0.3125075498889574;0.31429404876015044;MSFT
2026-04-26;2027-01-15;0.7232876712328767;555.0;433.1193119291799;0.2479548765195426;0.3126689666853063;0.3146129088429673;MSFT
2026-04-26;2027-01-15;0.7232876712328767;560.0;433.1193119291799;0.2569235465023031;0.3119755226613879;0.31495950105941134;MSFT
2026-04-26;2027-01-15;0.7232876712328767;565.0;433.1193119291799;0.26581249391954903;0.3129143515081889;0.31533224361050005;MSFT
2026-04-26;2027-01-15;0.7232876712328767;570.0;433.1193119291799;0.27462312360170404;0.3122427004281581;0.3157296113044999;MSFT
2026-04-26;2027-01-15;0.7232876712328767;575.0;433.1193119291799;0.28335680357045856;0.3127982901121527;0.3161501366657214;MSFT
2026-04-26;2027-01-15;0.7232876712328767;580.0;433.1193119291799;0.29201486631357326;0.3127654330582917;0.31659241053134557;MSFT
2026-04-26;2027-01-15;0.7232876712328767;585.0;433.1193119291799;0.30059861000496463;0.3129653320957274;0.3170550821956274;MSFT
2026-04-26;2027-01-15;0.7232876712328767;590.0;433.1193119291799;0.3091092996728732;0.3134370096325315;0.31753685915872826;MSFT
2026-04-26;2027-01-15;0.7232876712328767;595.0;433.1193119291799;0.31754816831873794;0.3136124893969446;0.3180365065345298;MSFT
2026-04-26;2027-01-15;0.7232876712328767;600.0;433.1193119291799;0.32591641798925447;0.3144237829558849;0.3185528461683093;MSFT
2026-04-26;2027-01-15;0.7232876712328767;605.0;433.1193119291799;0.33421522080394966;0.3146486041804329;0.31908475551132176;MSFT
2026-04-26;2027-01-15;0.7232876712328767;610.0;433.1193119291799;0.3424457199404651;0.3145785501103811;0.31963116629529265;MSFT
2026-04-26;2027-01-15;0.7232876712328767;615.0;433.1193119291799;0.3506090305796261;0.3159371445840596;0.3201910630457315;MSFT
2026-04-26;2027-01-15;0.7232876712328767;620.0;433.1193119291799;0.3587062408122454;0.3156543019747175;0.3207634814689193;MSFT
2026-04-26;2027-01-15;0.7232876712328767;625.0;433.1193119291799;0.3667384125095096;0.3165439197465182;0.32134750674350293;MSFT
2026-04-26;2027-01-15;0.7232876712328767;630.0;433.1193119291799;0.3747065821586866;0.3160530755949616;0.32194227174389645;MSFT
2026-04-26;2027-01-15;0.7232876712328767;635.0;433.1193119291799;0.38261176166579974;0.3180304592899083;0.3225469552191867;MSFT
2026-04-26;2027-01-15;0.7232876712328767;640.0;433.1193119291799;0.3904549391268257;0.3182243233582675;0.3231607799479989;MSFT
2026-04-26;2027-01-15;0.7232876712328767;645.0;433.1193119291799;0.3982370795688806;0.3181577524339483;0.3237830108868046;MSFT
2026-04-26;2027-01-15;0.7232876712328767;650.0;433.1193119291799;0.405959125662791;0.3200187208303511;0.3244129533264586;MSFT
2026-04-26;2027-01-15;0.7232876712328767;655.0;433.1193119291799;0.41362199840836006;0.3208377257386668;0.3250499510693237;MSFT
2026-04-26;2027-01-15;0.7232876712328767;660.0;433.1193119291799;0.42122659779357935;0.3228540387094467;0.3256933846371815;MSFT
2026-04-26;2027-01-15;0.7232876712328767;665.0;433.1193119291799;0.4287738034289623;0.3189251620819493;0.32634266951820634;MSFT
2026-04-26;2027-01-15;0.7232876712328767;670.0;433.1193119291799;0.4362644751581199;0.3220595462063923;0.3269972544596017;MSFT
2026-04-26;2027-01-15;0.7232876712328767;675.0;433.1193119291799;0.443699453645638;0.3235811407244801;0.32765661981102384;MSFT
2026-04-26;2027-01-15;0.7232876712328767;680.0;433.1193119291799;0.4510795609432605;0.3259225224616899;0.32832027592264923;MSFT
2026-04-26;2027-01-15;0.7232876712328767;685.0;433.1193119291799;0.4584056010353335;0.3264324028428643;0.3289877616006434;MSFT
2026-04-26;2027-01-15;0.7232876712328767;690.0;433.1193119291799;0.46567836036441324;0.325144458485566;0.3296586426218576;MSFT
2026-04-26;2027-01-15;0.7232876712328767;695.0;433.1193119291799;0.47289860833790026;0.3286192223165035;0.3303325103087865;MSFT
2026-04-26;2027-01-15;0.7232876712328767;700.0;433.1193119291799;0.48006709781651286;0.3273643212775439;0.331008980165154;MSFT
2026-04-26;2027-01-15;0.7232876712328767;705.0;433.1193119291799;0.48718456558537676;0.3305784265984296;0.3316876905719437;MSFT
2026-04-26;2027-01-15;0.7232876712328767;710.0;433.1193119291799;0.4942517328084693;0.3319757827099113;0.33236830154323327;MSFT
2026-04-26;2027-01-15;0.7232876712328767;715.0;433.1193119291799;0.5012693054671158;0.3325997687101066;0.3330504935408232;MSFT
2026-04-26;2027-01-15;0.7232876712328767;720.0;433.1193119291799;0.5082379747832091;0.3350940735834836;0.3337339663463537;MSFT
2026-04-26;2027-01-15;0.7232876712328767;725.0;433.1193119291799;0.5151584176277829;0.3360170513232349;0.33441843798937176;MSFT
2026-04-26;2027-01-15;0.7232876712328767;730.0;433.1193119291799;0.522031296915545;0.3357996434248982;0.33510364372963347;MSFT
2026-04-26;2027-01-15;0.7232876712328767;735.0;433.1193119291799;0.5288572619859448;0.3384850556523651;0.3357893350917938;MSFT
2026-04-26;2027-01-15;0.7232876712328767;740.0;433.1193119291799;0.5356369489713235;0.3376500692518652;0.33647527895054635;MSFT
2026-04-26;2027-01-15;0.7232876712328767;745.0;433.1193119291799;0.5423709811526677;0.3412804384274482;0.3371612566642154;MSFT
2026-04-26;2027-01-15;0.7232876712328767;750.0;433.1193119291799;0.5490599693034642;0.342376791143015;0.3378470632547729;MSFT
2026-04-26;2027-01-15;0.7232876712328767;755.0;433.1193119291799;0.5557045120221328;0.344179384252116;0.3385325066322444;MSFT
2026-04-26;2027-01-15;0.7232876712328767;760.0;433.1193119291799;0.562305196053485;0.3435662760974168;0.3392174068614786;MSFT
2026-04-26;2027-01-15;0.7232876712328767;765.0;433.1193119291799;0.568862596599644;0.3441305829589665;0.33990159546928217;MSFT
2026-04-26;2027-01-15;0.7232876712328767;770.0;433.1193119291799;0.5753772776208377;0.3465403982652723;0.3405849147899581;MSFT
2026-04-26;2027-01-15;0.7232876712328767;775.0;433.1193119291799;0.5818497921264552;0.348909533409655;0.34126721734733584;MSFT
2026-04-26;2027-01-15;0.7232876712328767;780.0;433.1193119291799;0.5882806824567456;0.3510552256866246;0.34194836527143546;MSFT
2026-04-26;2027-01-15;0.7232876712328767;800.0;433.1193119291799;0.6135984904410354;0.3507802248117923;0.34465895948189623;MSFT
2026-04-26;2027-03-19;0.8958904109589041;185.0;435.0070673430306;-0.8550064526439696;0.4211002805376649;0.4237567432232311;MSFT
2026-04-26;2027-03-19;0.8958904109589041;190.0;435.0070673430306;-0.8283382055618083;0.4263936189698875;0.4204686985731046;MSFT
2026-04-26;2027-03-19;0.8958904109589041;195.0;435.0070673430306;-0.8023627191585475;0.4289731584682464;0.4172587299562395;MSFT
2026-04-26;2027-03-19;0.8958904109589041;200.0;435.0070673430306;-0.7770449111742578;0.418948851314783;0.4141239700328223;MSFT
2026-04-26;2027-03-19;0.8958904109589041;210.0;435.0070673430306;-0.7282547470048257;0.4123851891448497;0.40806978477798894;MSFT
2026-04-26;2027-03-19;0.8958904109589041;220.0;435.0070673430306;-0.6817347313699328;0.4049112897254378;0.4022876287668194;MSFT
2026-04-26;2027-03-19;0.8958904109589041;230.0;435.0070673430306;-0.6372829687990991;0.4001754781277775;0.3967619121564323;MSFT
2026-04-26;2027-03-19;0.8958904109589041;240.0;435.0070673430306;-0.5947233543803031;0.3957835107558966;0.391479500487871;MSFT
2026-04-26;2027-03-19;0.8958904109589041;250.0;435.0070673430306;-0.553901359860048;0.3835267865846604;0.3864293342641208;MSFT
2026-04-26;2027-03-19;0.8958904109589041;260.0;435.0070673430306;-0.5146806467067667;0.3749714356078952;0.38160211502183694;MSFT
2026-04-26;2027-03-19;0.8958904109589041;270.0;435.0070673430306;-0.4769403187239197;0.3733664318567067;0.3769900415935581;MSFT
2026-04-26;2027-03-19;0.8958904109589041;280.0;435.0070673430306;-0.4405726745530448;0.3677444483800828;0.3725865842833599;MSFT
2026-04-26;2027-03-19;0.8958904109589041;290.0;435.0070673430306;-0.4054813547417746;0.3666849760310947;0.3683862876461951;MSFT
2026-04-26;2027-03-19;0.8958904109589041;300.0;435.0070673430306;-0.3715798030660934;0.3574412660506516;0.36438459481049884;MSFT
2026-04-26;2027-03-19;0.8958904109589041;310.0;435.0070673430306;-0.3387899802431025;0.351979879806675;0.3605776880451656;MSFT
2026-04-26;2027-03-19;0.8958904109589041;320.0;435.0070673430306;-0.30704128192852215;0.3451517593313455;0.356962341701247;MSFT
2026-04-26;2027-03-19;0.8958904109589041;330.0;435.0070673430306;-0.2762696232617685;0.3427176551371515;0.35353578485860554;MSFT
2026-04-26;2027-03-19;0.8958904109589041;340.0;435.0070673430306;-0.24641666011208735;0.3367333499985636;0.35029557204237116;MSFT
2026-04-26;2027-03-19;0.8958904109589041;350.0;435.0070673430306;-0.217429123238835;0.3368574580200351;0.34723946127750444;MSFT
2026-04-26;2027-03-19;0.8958904109589041;360.0;435.0070673430306;-0.18925824627213877;0.333605168481227;0.3443652995326472;MSFT
2026-04-26;2027-03-19;0.8958904109589041;370.0;435.0070673430306;-0.1618592720840243;0.3275277124773562;0.34167091625942825;MSFT
2026-04-26;2027-03-19;0.8958904109589041;380.0;435.0070673430306;-0.13519102500186295;0.3251804634090997;0.339154026241132;MSFT
2026-04-26;2027-03-19;0.8958904109589041;390.0;435.0070673430306;-0.10921553859860225;0.325440032271957;0.33681214330036585;MSFT
2026-04-26;2027-03-19;0.8958904109589041;400.0;435.0070673430306;-0.08389773061431245;0.3233372460174187;0.3346425065561976;MSFT
2026-04-26;2027-03-19;0.8958904109589041;410.0;435.0070673430306;-0.05920511802394092;0.3196190438273901;0.33264202085355155;MSFT
2026-04-26;2027-03-19;0.8958904109589041;420.0;435.0070673430306;-0.03510756644488039;0.3186358654084559;0.330807212713372;MSFT
2026-04-26;2027-03-19;0.8958904109589041;430.0;435.0070673430306;-0.011577069034686348;0.3223023326398114;0.32913420269273724;MSFT
2026-04-26;2027-03-19;0.8958904109589041;440.0;435.0070673430306;0.011412449190012533;0.3283559747302122;0.3276186944415845;MSFT
2026-04-26;2027-03-19;0.8958904109589041;450.0;435.0070673430306;0.03388530504207105;0.3250109999873153;0.326255980055948;MSFT
2026-04-26;2027-03-19;0.8958904109589041;460.0;435.0070673430306;0.055864211760846216;0.3251803330239653;0.3250409606260142;MSFT
2026-04-26;2027-03-19;0.8958904109589041;470.0;435.0070673430306;0.07737041698180994;0.3230895049488936;0.32396818023155277;MSFT
2026-04-26;2027-03-19;0.8958904109589041;480.0;435.0070673430306;0.09842382617964221;0.3216222717186138;0.3230318711098239;MSFT
2026-04-26;2027-03-19;0.8958904109589041;490.0;435.0070673430306;0.11904311338237782;0.3211796980064455;0.3222260073577561;MSFT
2026-04-26;2027-03-19;0.8958904109589041;500.0;435.0070673430306;0.13924582069989738;0.3175983815810568;0.3215443643552124;MSFT
2026-04-26;2027-03-19;0.8958904109589041;510.0;435.0070673430306;0.15904844799607704;0.3191755387928336;0.3209805811105698;MSFT
2026-04-26;2027-03-19;0.8958904109589041;520.0;435.0070673430306;0.17846653385317857;0.3194501485122628;0.32052822291401684;MSFT
2026-04-26;2027-03-19;0.8958904109589041;530.0;435.0070673430306;0.19751472882387316;0.3160849826999864;0.32018084200290475;MSFT
2026-04-26;2027-03-19;0.8958904109589041;540.0;435.0070673430306;0.21620686183602564;0.3185909477296657;0.319932034353504;MSFT
2026-04-26;2027-03-19;0.8958904109589041;550.0;435.0070673430306;0.23455600050422212;0.3156195263967365;0.3197754911691589;MSFT
2026-04-26;2027-03-19;0.8958904109589041;560.0;435.0070673430306;0.25257450600690057;0.3185822305521109;0.31970504409456085;MSFT
2026-04-26;2027-03-19;0.8958904109589041;570.0;435.0070673430306;0.2702740831063014;0.3175081364416257;0.31971470361598064;MSFT
2026-04-26;2027-03-19;0.8958904109589041;580.0;435.0070673430306;0.2876658258181707;0.3149756473503261;0.31979869048394916;MSFT
2026-04-26;2027-03-19;0.8958904109589041;590.0;435.0070673430306;0.30476025917747074;0.3175085089705809;0.3199514603041563;MSFT
2026-04-26;2027-03-19;0.8958904109589041;600.0;435.0070673430306;0.32156737749385195;0.3177891909119821;0.32016772167926966;MSFT
2026-04-26;2027-03-19;0.8958904109589041;610.0;435.0070673430306;0.3380966794450626;0.3163101019476988;0.32044244845097963;MSFT
2026-04-26;2027-03-19;0.8958904109589041;620.0;435.0070673430306;0.35435720031684287;0.3163385072805434;0.32077088669477233;MSFT
2026-04-26;2027-03-19;0.8958904109589041;630.0;435.0070673430306;0.37035754166328394;0.3196287575199007;0.32114855716948704;MSFT
2026-04-26;2027-03-19;0.8958904109589041;640.0;435.0070673430306;0.3861058986314232;0.3214572041385023;0.32157125393054187;MSFT
2026-04-26;2027-03-19;0.8958904109589041;650.0;435.0070673430306;0.4016100851673884;0.320734423459351;0.32203503979059955;MSFT
2026-04-26;2027-03-19;0.8958904109589041;660.0;435.0070673430306;0.41687755729817677;0.319369700884357;0.3225362392642104;MSFT
